city,locality,property_type,bhk,area,furnishing,age,parking,price
Surat,Piplod,Apartment,4,4476,Furnished,28,Yes,29.35
Ahmedabad,Gota,Independent House,1,1224,Unfurnished,21,Yes,102.77
Ahmedabad,Navrangpura,Independent House,5,3536,Unfurnished,34,Yes,33.76
Ahmedabad,SG Highway,Apartment,2,1746,Semi-furnished,15,No,80.97
Surat,Vesu,Apartment,3,927,Semi-furnished,13,Yes,120.21
Surat,Adajan,Villa,4,2842,Furnished,18,No,73.8
Ahmedabad,Navrangpura,Villa,2,4653,Unfurnished,20,No,52.9
Ahmedabad,Bopal,Independent House,2,3438,Semi-furnished,28,No,15.67
Surat,Pal,Villa,3,4295,Furnished,13,Yes,71.73
Surat,Piplod,Independent House,1,872,Semi-furnished,13,Yes,15.92
Ahmedabad,Bopal,Apartment,5,3352,Semi-furnished,4,No,185.3
Ahmedabad,SG Highway,Independent House,2,1483,Semi-furnished,25,No,39.7
Ahmedabad,Satellite,Apartment,2,4495,Furnished,24,Yes,167.94
Ahmedabad,SG Highway,Villa,1,2350,Semi-furnished,12,Yes,56.79
Ahmedabad,SG Highway,Apartment,2,1074,Unfurnished,31,Yes,63.73
Ahmedabad,Satellite,Villa,2,1104,Furnished,8,No,25.1
Surat,Piplod,Independent House,4,833,Furnished,19,Yes,159.43
Ahmedabad,Gota,Apartment,4,756,Unfurnished,13,Yes,29.75
Ahmedabad,Satellite,Apartment,2,2305,Semi-furnished,7,Yes,181.77
Ahmedabad,Bopal,Independent House,1,1388,Unfurnished,14,Yes,132.35
Ahmedabad,Satellite,Villa,5,1035,Unfurnished,31,No,198.79
Surat,Pal,Apartment,4,3991,Semi-furnished,8,Yes,179.61
Ahmedabad,Satellite,Villa,3,4622,Unfurnished,8,Yes,155.23
Surat,Vesu,Apartment,5,3795,Semi-furnished,26,Yes,13.85
Surat,Vesu,Independent House,4,1105,Unfurnished,27,No,187.86
Ahmedabad,Satellite,Independent House,1,2376,Semi-furnished,6,Yes,199.68
Ahmedabad,SG Highway,Villa,2,3470,Semi-furnished,17,Yes,39.0
Ahmedabad,SG Highway,Independent House,2,3625,Unfurnished,21,Yes,66.47
Ahmedabad,Gota,Independent House,2,4302,Furnished,23,No,161.12
Ahmedabad,SG Highway,Apartment,5,1294,Semi-furnished,7,No,83.55
Ahmedabad,Bopal,Apartment,1,2663,Semi-furnished,17,Yes,108.08
Ahmedabad,Gota,Apartment,4,4761,Semi-furnished,17,No,181.76
Surat,Piplod,Villa,4,4225,Unfurnished,23,Yes,145.74
Ahmedabad,Navrangpura,Apartment,4,2381,Furnished,20,No,69.83
Ahmedabad,Satellite,Independent House,4,3238,Furnished,17,No,191.08
Surat,Pal,Apartment,2,4283,Semi-furnished,22,No,38.01
Ahmedabad,Bopal,Villa,3,1270,Furnished,8,Yes,48.82
Surat,Piplod,Apartment,5,528,Unfurnished,4,Yes,20.11
Surat,Adajan,Independent House,3,701,Furnished,12,Yes,165.06
Ahmedabad,Satellite,Villa,3,3717,Furnished,5,Yes,32.51
Ahmedabad,Satellite,Independent House,2,2464,Furnished,7,Yes,91.16
Surat,Vesu,Villa,5,2507,Furnished,31,No,73.64
Surat,Pal,Villa,5,3179,Furnished,12,No,56.71
Ahmedabad,SG Highway,Villa,4,2456,Unfurnished,4,No,87.8
Ahmedabad,Navrangpura,Independent House,2,2238,Furnished,13,No,28.91
Ahmedabad,Navrangpura,Apartment,4,1677,Semi-furnished,15,Yes,38.01
Surat,Althan,Villa,5,1566,Unfurnished,20,No,95.08
Surat,Vesu,Villa,3,4047,Semi-furnished,5,No,15.74
Surat,Pal,Apartment,1,3958,Semi-furnished,9,No,182.81
Surat,Adajan,Villa,1,810,Semi-furnished,23,No,53.47
Ahmedabad,SG Highway,Apartment,5,4554,Furnished,30,Yes,174.31
Surat,Adajan,Independent House,3,2022,Furnished,25,Yes,164.66
Ahmedabad,Bopal,Apartment,2,4572,Unfurnished,5,No,169.63
Ahmedabad,Satellite,Apartment,4,834,Unfurnished,16,No,178.57
Surat,Piplod,Villa,4,3159,Furnished,9,No,89.86
Surat,Adajan,Independent House,2,4635,Unfurnished,20,No,47.83
Surat,Adajan,Apartment,2,2397,Furnished,2,No,18.99
Ahmedabad,Bopal,Independent House,1,1186,Unfurnished,30,No,147.9
Ahmedabad,Navrangpura,Independent House,2,4182,Unfurnished,2,No,142.48
Surat,Althan,Apartment,2,2575,Furnished,6,No,165.24
Surat,Piplod,Villa,3,1327,Semi-furnished,33,Yes,182.87
Ahmedabad,Bopal,Apartment,1,2188,Unfurnished,11,No,173.85
Ahmedabad,SG Highway,Apartment,3,537,Semi-furnished,27,No,131.67
Surat,Althan,Independent House,5,1229,Furnished,16,Yes,153.83
Ahmedabad,Gota,Independent House,3,3778,Furnished,13,Yes,185.43
Surat,Althan,Apartment,2,3271,Furnished,11,Yes,115.55
Ahmedabad,Navrangpura,Independent House,5,1470,Unfurnished,23,Yes,175.62
Surat,Pal,Independent House,4,2116,Semi-furnished,33,No,185.6
Ahmedabad,Bopal,Villa,1,3893,Furnished,16,Yes,32.39
Ahmedabad,Satellite,Villa,1,2779,Unfurnished,12,Yes,170.88
Ahmedabad,Bopal,Villa,1,3042,Furnished,19,No,167.73
Ahmedabad,Navrangpura,Independent House,1,3595,Furnished,32,No,180.61
Ahmedabad,Bopal,Villa,1,2465,Furnished,11,Yes,69.7
Surat,Althan,Independent House,1,2641,Furnished,23,Yes,97.05
Surat,Piplod,Villa,5,4420,Semi-furnished,11,Yes,41.13
Ahmedabad,Gota,Apartment,4,2739,Semi-furnished,8,Yes,102.3
Ahmedabad,Bopal,Apartment,2,4612,Semi-furnished,6,Yes,199.75
Ahmedabad,SG Highway,Villa,4,3889,Semi-furnished,22,Yes,196.56
Surat,Vesu,Villa,5,2604,Furnished,4,Yes,92.03
Ahmedabad,SG Highway,Villa,5,2422,Unfurnished,32,No,130.54
Surat,Piplod,Apartment,1,4465,Furnished,24,No,192.7
Surat,Althan,Apartment,5,3425,Semi-furnished,12,Yes,96.13
Surat,Pal,Independent House,5,4809,Semi-furnished,7,Yes,132.47
Surat,Adajan,Villa,3,1906,Furnished,9,No,94.12
Ahmedabad,SG Highway,Apartment,4,3326,Semi-furnished,5,Yes,21.84
Surat,Althan,Villa,5,2335,Semi-furnished,21,No,27.78
Surat,Pal,Independent House,2,3952,Unfurnished,27,Yes,137.78
Ahmedabad,Bopal,Independent House,1,1527,Unfurnished,25,Yes,96.58
Surat,Vesu,Villa,2,4554,Unfurnished,7,No,80.51
Ahmedabad,Navrangpura,Apartment,1,4854,Unfurnished,12,Yes,61.22
Surat,Althan,Independent House,3,1148,Unfurnished,23,No,181.93
Ahmedabad,Bopal,Apartment,4,1448,Semi-furnished,13,Yes,158.95
Ahmedabad,SG Highway,Apartment,3,3007,Unfurnished,14,Yes,67.65
Surat,Pal,Villa,3,1566,Furnished,12,Yes,40.87
Ahmedabad,Navrangpura,Villa,4,628,Furnished,13,No,197.5
Surat,Piplod,Villa,1,858,Semi-furnished,10,No,42.66
Ahmedabad,Satellite,Independent House,2,2075,Semi-furnished,25,No,50.44
Surat,Adajan,Independent House,5,1774,Furnished,26,Yes,93.04
Surat,Vesu,Apartment,2,2348,Unfurnished,21,No,25.51
Surat,Vesu,Independent House,1,3886,Furnished,25,Yes,30.14
Ahmedabad,Bopal,Apartment,4,1258,Semi-furnished,27,No,96.02
Ahmedabad,Bopal,Apartment,5,1969,Unfurnished,15,No,52.45
Ahmedabad,Satellite,Independent House,4,3162,Unfurnished,20,Yes,62.75
Ahmedabad,Navrangpura,Apartment,4,650,Semi-furnished,26,Yes,38.94
Ahmedabad,Satellite,Apartment,3,4458,Semi-furnished,22,Yes,39.17
Ahmedabad,Gota,Apartment,2,678,Unfurnished,27,Yes,11.41
Surat,Althan,Villa,4,3900,Unfurnished,18,Yes,186.43
Surat,Althan,Villa,2,4605,Furnished,11,No,175.84
Ahmedabad,SG Highway,Villa,3,3336,Furnished,23,Yes,70.05
Ahmedabad,Bopal,Apartment,4,580,Unfurnished,15,Yes,105.55
Surat,Adajan,Apartment,4,1114,Unfurnished,33,Yes,164.27
Ahmedabad,Satellite,Independent House,1,2520,Semi-furnished,26,Yes,132.73
Ahmedabad,Bopal,Villa,2,860,Unfurnished,29,No,18.81
Ahmedabad,Bopal,Independent House,5,4838,Unfurnished,28,Yes,110.72
Ahmedabad,Gota,Villa,2,4638,Furnished,7,No,112.7
Ahmedabad,Bopal,Villa,3,1045,Furnished,32,No,144.4
Surat,Adajan,Apartment,1,1951,Semi-furnished,11,Yes,119.57
Ahmedabad,Bopal,Apartment,1,1219,Unfurnished,24,Yes,80.75
Surat,Pal,Apartment,1,1527,Semi-furnished,12,Yes,59.53
Surat,Piplod,Apartment,4,4524,Furnished,24,Yes,146.26
Ahmedabad,Gota,Independent House,2,746,Semi-furnished,17,Yes,34.69
Surat,Adajan,Villa,3,4457,Unfurnished,32,No,32.72
Surat,Adajan,Apartment,3,1011,Unfurnished,28,Yes,57.09
Ahmedabad,Satellite,Villa,4,1724,Semi-furnished,14,Yes,189.81
Surat,Vesu,Villa,1,2968,Unfurnished,25,Yes,40.31
Surat,Althan,Apartment,4,2987,Unfurnished,20,No,52.23
Surat,Adajan,Independent House,4,1609,Furnished,25,No,48.49
Ahmedabad,SG Highway,Apartment,3,3481,Semi-furnished,26,No,12.15
Surat,Adajan,Apartment,1,3636,Unfurnished,24,Yes,119.81
Surat,Vesu,Apartment,4,4098,Unfurnished,27,Yes,17.87
Ahmedabad,Bopal,Villa,1,4028,Unfurnished,21,Yes,151.58
Ahmedabad,Gota,Apartment,4,2630,Furnished,13,Yes,30.44
Ahmedabad,Satellite,Apartment,5,772,Semi-furnished,33,Yes,50.56
Ahmedabad,Bopal,Independent House,3,2731,Semi-furnished,25,Yes,130.41
Ahmedabad,SG Highway,Apartment,3,4500,Furnished,35,No,31.65
Surat,Vesu,Villa,3,4472,Furnished,33,No,159.15
Surat,Pal,Independent House,5,4232,Semi-furnished,13,No,171.4
Surat,Althan,Villa,2,3637,Furnished,16,No,199.22
Ahmedabad,Bopal,Apartment,4,1899,Unfurnished,28,No,86.68
Surat,Pal,Villa,2,3742,Semi-furnished,29,No,138.32
Surat,Althan,Villa,2,515,Semi-furnished,22,No,81.89
Surat,Piplod,Independent House,2,3570,Semi-furnished,2,No,28.46
Ahmedabad,SG Highway,Villa,4,2394,Unfurnished,6,Yes,87.8
Surat,Adajan,Villa,2,2384,Furnished,20,No,149.96
Surat,Pal,Villa,3,763,Unfurnished,23,No,62.94
Ahmedabad,Satellite,Villa,3,3859,Unfurnished,33,No,42.0
Surat,Althan,Villa,5,1447,Furnished,35,Yes,124.64
Surat,Adajan,Apartment,4,3540,Furnished,7,Yes,99.44
Surat,Althan,Independent House,3,3994,Semi-furnished,27,Yes,193.05
Ahmedabad,Bopal,Apartment,4,2402,Semi-furnished,33,No,118.59
Surat,Althan,Independent House,4,4562,Semi-furnished,13,No,183.61
Ahmedabad,Bopal,Villa,4,685,Unfurnished,21,Yes,42.62
Surat,Althan,Apartment,1,860,Furnished,34,No,98.1
Ahmedabad,Satellite,Independent House,2,549,Furnished,30,Yes,133.83
Ahmedabad,SG Highway,Independent House,5,4134,Furnished,33,Yes,28.07
Surat,Vesu,Apartment,1,1743,Unfurnished,33,Yes,79.04
Surat,Vesu,Apartment,1,1506,Semi-furnished,25,No,146.43
Ahmedabad,Gota,Independent House,1,2427,Unfurnished,2,No,166.07
Surat,Althan,Villa,1,1876,Unfurnished,34,No,179.96
Ahmedabad,SG Highway,Villa,5,3038,Furnished,25,Yes,85.88
Ahmedabad,Bopal,Villa,2,3657,Furnished,28,Yes,39.18
Surat,Pal,Independent House,3,4270,Unfurnished,23,Yes,169.22
Surat,Pal,Villa,4,2989,Furnished,4,No,54.22
Ahmedabad,Bopal,Apartment,2,867,Unfurnished,16,No,43.38
Surat,Adajan,Villa,3,2530,Semi-furnished,9,No,97.76
Ahmedabad,Bopal,Villa,5,1456,Furnished,33,No,62.56
Surat,Piplod,Independent House,4,1754,Unfurnished,33,Yes,51.86
Surat,Pal,Villa,3,1671,Unfurnished,11,Yes,125.37
Ahmedabad,SG Highway,Apartment,5,3947,Unfurnished,21,No,140.23
Surat,Althan,Villa,5,4610,Furnished,12,No,180.13
Ahmedabad,Navrangpura,Apartment,3,3403,Unfurnished,28,No,173.46
Surat,Piplod,Independent House,3,1558,Unfurnished,20,Yes,20.88
Ahmedabad,SG Highway,Apartment,1,2273,Semi-furnished,34,No,176.54
Surat,Piplod,Villa,5,4453,Unfurnished,3,No,120.53
Ahmedabad,Bopal,Villa,4,1069,Semi-furnished,19,Yes,179.51
Ahmedabad,Navrangpura,Apartment,4,3070,Unfurnished,28,Yes,190.94
Surat,Adajan,Independent House,4,1520,Furnished,32,Yes,106.75
Surat,Althan,Villa,5,3367,Semi-furnished,10,No,126.57
Ahmedabad,Gota,Villa,3,4106,Unfurnished,18,No,185.44
Surat,Vesu,Independent House,5,1172,Furnished,19,No,145.61
Surat,Vesu,Villa,5,1568,Semi-furnished,3,No,109.16
Ahmedabad,Gota,Villa,4,4903,Semi-furnished,13,No,88.4
Ahmedabad,Navrangpura,Apartment,2,1383,Unfurnished,8,No,84.49
Surat,Althan,Villa,4,4474,Unfurnished,35,Yes,148.02
Surat,Vesu,Villa,4,3192,Unfurnished,15,No,168.58
Surat,Pal,Villa,4,1110,Semi-furnished,30,No,64.7
Surat,Vesu,Villa,5,1672,Furnished,17,Yes,143.53
Ahmedabad,Bopal,Apartment,1,1148,Unfurnished,29,Yes,176.14
Surat,Vesu,Independent House,1,946,Semi-furnished,24,No,158.55
Surat,Vesu,Villa,4,1809,Semi-furnished,27,No,128.45
Surat,Althan,Independent House,1,1405,Unfurnished,26,No,155.6
Surat,Piplod,Villa,2,3625,Unfurnished,12,No,112.33
Surat,Vesu,Apartment,3,4596,Furnished,30,No,190.64
Surat,Piplod,Independent House,1,4952,Furnished,18,Yes,50.99
Ahmedabad,SG Highway,Villa,4,3890,Unfurnished,25,Yes,93.36
Ahmedabad,SG Highway,Independent House,2,2327,Unfurnished,20,Yes,43.99
Ahmedabad,Navrangpura,Villa,3,2368,Unfurnished,23,Yes,94.76
Surat,Althan,Villa,5,2947,Furnished,31,Yes,190.63
Surat,Althan,Independent House,1,3686,Unfurnished,22,No,150.67
Surat,Piplod,Apartment,2,2430,Unfurnished,14,No,196.57
Surat,Adajan,Villa,3,722,Unfurnished,7,Yes,196.27
Ahmedabad,Satellite,Apartment,2,1261,Unfurnished,17,Yes,158.48
Ahmedabad,Satellite,Villa,1,1586,Semi-furnished,33,No,159.93
Ahmedabad,Satellite,Villa,2,2038,Unfurnished,21,Yes,114.15
Ahmedabad,Navrangpura,Villa,2,2627,Furnished,28,No,153.89
Surat,Adajan,Villa,2,3450,Semi-furnished,15,No,196.28
Surat,Althan,Villa,4,1072,Unfurnished,6,No,127.43
Ahmedabad,Navrangpura,Villa,5,4755,Semi-furnished,20,No,156.77
Ahmedabad,Navrangpura,Independent House,3,1171,Semi-furnished,16,Yes,45.52
Surat,Adajan,Apartment,1,3958,Semi-furnished,5,Yes,78.61
Surat,Althan,Villa,5,4492,Semi-furnished,12,Yes,85.07
Ahmedabad,Bopal,Independent House,5,2124,Unfurnished,22,No,16.72
Ahmedabad,Navrangpura,Villa,3,818,Furnished,24,No,136.28
Surat,Vesu,Independent House,1,4887,Furnished,13,No,79.35
Surat,Pal,Villa,4,3484,Semi-furnished,27,Yes,119.67
Surat,Vesu,Villa,1,2990,Furnished,14,No,114.31
Ahmedabad,SG Highway,Independent House,1,1594,Furnished,32,No,77.35
Surat,Althan,Apartment,1,4017,Semi-furnished,30,No,135.22
Surat,Althan,Apartment,2,3066,Furnished,28,No,38.76
Surat,Piplod,Independent House,1,561,Semi-furnished,7,No,123.86
Ahmedabad,Gota,Independent House,2,2952,Semi-furnished,8,Yes,72.38
Ahmedabad,Bopal,Apartment,4,1285,Unfurnished,20,No,65.09
Surat,Pal,Independent House,4,3462,Semi-furnished,13,No,188.27
Surat,Althan,Independent House,4,2685,Furnished,26,No,78.8
Surat,Piplod,Apartment,2,1847,Unfurnished,9,No,112.93
Ahmedabad,Navrangpura,Apartment,2,3691,Furnished,2,No,43.53
Ahmedabad,SG Highway,Independent House,1,4418,Unfurnished,26,Yes,106.27
Ahmedabad,Navrangpura,Villa,5,1544,Unfurnished,12,No,157.71
Surat,Adajan,Independent House,2,1836,Furnished,19,Yes,56.38
Ahmedabad,Gota,Independent House,2,3392,Semi-furnished,2,No,191.68
Surat,Adajan,Apartment,4,3699,Semi-furnished,31,Yes,162.23
Ahmedabad,Bopal,Independent House,3,1470,Unfurnished,33,No,105.7
Surat,Vesu,Apartment,3,2791,Unfurnished,15,No,58.3
Surat,Adajan,Villa,4,1624,Unfurnished,23,Yes,170.92
Ahmedabad,Bopal,Independent House,1,4444,Unfurnished,25,No,186.18
Surat,Adajan,Independent House,1,3658,Semi-furnished,12,Yes,173.17
Ahmedabad,Gota,Apartment,1,1354,Semi-furnished,29,Yes,119.46
Surat,Althan,Apartment,3,2309,Semi-furnished,5,Yes,48.72
Surat,Pal,Independent House,4,2370,Furnished,33,No,89.22
Surat,Pal,Apartment,3,644,Unfurnished,10,Yes,48.02
Surat,Althan,Independent House,5,4622,Semi-furnished,35,No,174.02
Surat,Piplod,Apartment,2,1996,Furnished,10,No,85.82
Surat,Vesu,Independent House,4,900,Semi-furnished,5,No,166.61
Surat,Althan,Apartment,3,1238,Semi-furnished,11,No,47.27
Ahmedabad,Satellite,Villa,1,2844,Unfurnished,5,Yes,103.81
Surat,Piplod,Villa,2,866,Semi-furnished,22,No,80.36
Surat,Adajan,Independent House,4,4734,Furnished,28,Yes,110.02
Ahmedabad,Navrangpura,Villa,3,2880,Furnished,15,Yes,37.73
Ahmedabad,SG Highway,Apartment,2,648,Semi-furnished,11,Yes,64.02
Surat,Pal,Villa,3,1347,Furnished,7,No,17.03
Ahmedabad,Satellite,Independent House,1,1906,Unfurnished,23,Yes,155.61
Ahmedabad,Satellite,Villa,1,3669,Unfurnished,6,No,61.98
Surat,Vesu,Apartment,2,1277,Furnished,29,Yes,121.31
Ahmedabad,SG Highway,Independent House,1,2967,Unfurnished,15,No,95.67
Ahmedabad,Satellite,Villa,3,2981,Semi-furnished,23,Yes,110.05
Ahmedabad,Navrangpura,Apartment,4,1805,Furnished,24,Yes,73.38
Ahmedabad,Satellite,Independent House,1,3131,Semi-furnished,10,Yes,198.51
Surat,Althan,Apartment,5,931,Furnished,31,No,50.88
Surat,Vesu,Apartment,5,4815,Semi-furnished,24,No,11.2
Surat,Piplod,Villa,2,3737,Unfurnished,25,No,23.75
Surat,Pal,Independent House,5,3938,Unfurnished,31,Yes,42.96
Ahmedabad,Navrangpura,Independent House,3,2419,Semi-furnished,15,Yes,36.23
Ahmedabad,Satellite,Villa,1,4810,Semi-furnished,18,Yes,64.72
Surat,Althan,Villa,4,2242,Unfurnished,34,No,173.36
Ahmedabad,Bopal,Villa,1,2947,Furnished,16,Yes,59.33
Surat,Althan,Villa,4,1114,Semi-furnished,18,No,26.42
Ahmedabad,Gota,Apartment,4,2716,Unfurnished,23,Yes,69.01
Ahmedabad,Bopal,Villa,4,3308,Unfurnished,35,No,161.91
Surat,Adajan,Villa,2,2762,Semi-furnished,6,Yes,170.8
Ahmedabad,Gota,Independent House,5,927,Unfurnished,29,No,69.51
Ahmedabad,Bopal,Independent House,1,3296,Semi-furnished,32,Yes,97.99
Surat,Piplod,Apartment,2,2141,Furnished,11,Yes,78.0
Surat,Pal,Apartment,2,1050,Furnished,18,No,173.75
Ahmedabad,Gota,Independent House,3,1801,Unfurnished,24,No,99.3
Ahmedabad,Bopal,Villa,2,4090,Furnished,5,No,138.88
Ahmedabad,Satellite,Independent House,3,3364,Unfurnished,32,No,188.85
Ahmedabad,Navrangpura,Apartment,1,2434,Semi-furnished,3,No,143.58
Surat,Piplod,Independent House,3,3680,Semi-furnished,24,Yes,12.84
Surat,Pal,Independent House,5,4843,Semi-furnished,4,Yes,115.27
Surat,Piplod,Villa,5,4934,Semi-furnished,13,Yes,36.63
Ahmedabad,Bopal,Independent House,3,889,Semi-furnished,12,Yes,103.13
Ahmedabad,SG Highway,Villa,3,4759,Semi-furnished,26,Yes,100.09
Surat,Vesu,Apartment,5,1432,Furnished,11,No,25.78
Ahmedabad,Gota,Apartment,2,3623,Unfurnished,9,No,98.58
Surat,Piplod,Independent House,4,559,Semi-furnished,9,No,122.15
Ahmedabad,Navrangpura,Independent House,2,3938,Semi-furnished,31,Yes,81.08
Surat,Althan,Independent House,3,4596,Semi-furnished,13,No,90.79
Ahmedabad,Navrangpura,Villa,3,4524,Semi-furnished,12,Yes,45.61
Surat,Pal,Apartment,5,3724,Furnished,19,Yes,117.4
Ahmedabad,Bopal,Independent House,1,4708,Unfurnished,31,No,18.05
Ahmedabad,Gota,Villa,5,3869,Semi-furnished,27,Yes,160.33
Ahmedabad,Navrangpura,Villa,2,1533,Furnished,17,No,112.64
Surat,Piplod,Villa,1,3899,Furnished,21,Yes,103.83
Ahmedabad,SG Highway,Independent House,2,4543,Furnished,4,Yes,133.6
Surat,Piplod,Apartment,5,3175,Semi-furnished,30,Yes,126.39
Ahmedabad,Bopal,Apartment,4,4251,Semi-furnished,6,No,170.44
Surat,Adajan,Independent House,1,4849,Semi-furnished,29,No,17.39
Ahmedabad,Bopal,Independent House,1,999,Unfurnished,18,No,20.75
Surat,Pal,Independent House,2,4760,Semi-furnished,18,No,78.95
Surat,Pal,Independent House,4,3105,Semi-furnished,13,Yes,164.28
Surat,Pal,Independent House,5,1265,Unfurnished,10,No,82.99
Ahmedabad,Navrangpura,Independent House,4,1336,Semi-furnished,14,No,127.35
Surat,Vesu,Apartment,1,4810,Unfurnished,17,No,110.41
Surat,Adajan,Independent House,4,1663,Furnished,4,No,190.82
Surat,Piplod,Apartment,1,3548,Unfurnished,29,Yes,111.78
Ahmedabad,SG Highway,Villa,4,2419,Unfurnished,18,Yes,82.82
Surat,Pal,Apartment,3,1929,Semi-furnished,25,No,53.92
Surat,Althan,Independent House,2,3287,Furnished,13,Yes,146.81
Ahmedabad,Satellite,Apartment,3,3569,Unfurnished,17,No,48.82
Surat,Adajan,Villa,1,3625,Semi-furnished,10,Yes,38.32
Ahmedabad,Bopal,Apartment,2,1781,Semi-furnished,22,Yes,100.65
Surat,Althan,Independent House,4,1374,Unfurnished,24,Yes,188.73
Ahmedabad,SG Highway,Apartment,3,2263,Furnished,35,Yes,16.55
Surat,Adajan,Independent House,2,3561,Unfurnished,26,Yes,96.49
Surat,Vesu,Villa,4,4371,Furnished,7,No,86.08
Surat,Adajan,Independent House,3,2230,Furnished,3,Yes,154.44
Ahmedabad,Navrangpura,Villa,5,3200,Semi-furnished,26,No,53.92
Surat,Piplod,Independent House,5,841,Semi-furnished,15,No,104.94
Surat,Pal,Independent House,3,1180,Furnished,21,No,138.33
Ahmedabad,Gota,Independent House,5,2956,Semi-furnished,31,No,195.07
Ahmedabad,Gota,Independent House,1,4122,Furnished,12,No,19.99
Surat,Pal,Independent House,2,3410,Unfurnished,31,No,186.6
Ahmedabad,Gota,Independent House,5,1417,Furnished,5,No,37.83
Surat,Althan,Independent House,1,4961,Furnished,21,No,177.23
Ahmedabad,Bopal,Villa,5,4463,Furnished,22,Yes,26.26
Ahmedabad,Bopal,Apartment,5,1774,Furnished,2,Yes,57.12
Surat,Adajan,Villa,1,4613,Furnished,16,Yes,140.69
Ahmedabad,Navrangpura,Independent House,2,1918,Unfurnished,28,No,59.52
Ahmedabad,Gota,Apartment,1,4656,Furnished,5,No,130.92
Surat,Adajan,Apartment,4,1065,Unfurnished,24,No,130.57
Surat,Piplod,Independent House,1,2704,Furnished,15,No,56.06
Surat,Althan,Apartment,4,2529,Furnished,30,No,147.7
Surat,Adajan,Independent House,2,4957,Furnished,21,Yes,134.2
Ahmedabad,Navrangpura,Independent House,3,2547,Semi-furnished,21,No,198.41
Surat,Piplod,Independent House,4,1551,Furnished,28,Yes,176.57
Surat,Vesu,Villa,5,2917,Unfurnished,7,Yes,53.98
Ahmedabad,Satellite,Villa,1,2782,Furnished,3,Yes,85.77
Ahmedabad,Navrangpura,Apartment,5,3656,Semi-furnished,14,Yes,148.33
Ahmedabad,Gota,Villa,1,1076,Unfurnished,8,No,55.7
Surat,Vesu,Apartment,3,943,Semi-furnished,3,Yes,25.94
Ahmedabad,Gota,Apartment,1,3036,Semi-furnished,26,Yes,128.74
Ahmedabad,Gota,Independent House,2,1388,Semi-furnished,32,Yes,90.96
Surat,Pal,Villa,1,3612,Semi-furnished,31,Yes,130.89
Surat,Adajan,Independent House,3,3884,Unfurnished,31,No,60.54
Ahmedabad,SG Highway,Villa,1,1272,Furnished,6,Yes,143.89
Surat,Pal,Independent House,4,4806,Unfurnished,28,Yes,16.85
Surat,Adajan,Independent House,3,1946,Unfurnished,20,Yes,91.27
Ahmedabad,Satellite,Villa,2,1631,Unfurnished,20,Yes,21.26
Ahmedabad,Navrangpura,Villa,2,2505,Semi-furnished,22,No,113.31
Ahmedabad,Gota,Villa,2,4341,Furnished,29,Yes,22.65
Ahmedabad,Navrangpura,Independent House,2,1346,Unfurnished,16,Yes,171.78
Ahmedabad,SG Highway,Apartment,2,4344,Furnished,20,No,195.53
Ahmedabad,Satellite,Apartment,3,2751,Unfurnished,24,No,133.75
Surat,Vesu,Apartment,5,3550,Semi-furnished,21,Yes,182.64
Surat,Adajan,Apartment,5,907,Furnished,16,Yes,144.88
Surat,Vesu,Villa,3,2615,Furnished,3,Yes,103.05
Ahmedabad,Satellite,Independent House,3,1419,Semi-furnished,21,No,163.94
Surat,Piplod,Independent House,3,560,Semi-furnished,16,No,143.09
Ahmedabad,Satellite,Independent House,2,4686,Semi-furnished,23,Yes,155.96
Ahmedabad,SG Highway,Villa,2,4160,Furnished,26,Yes,146.23
Surat,Althan,Independent House,4,2508,Furnished,5,Yes,102.72
Ahmedabad,Gota,Independent House,4,2874,Unfurnished,2,Yes,14.55
Ahmedabad,Satellite,Independent House,3,4606,Semi-furnished,27,No,107.08
Surat,Pal,Apartment,4,3860,Semi-furnished,15,Yes,39.81
Ahmedabad,Gota,Apartment,4,4047,Semi-furnished,4,No,125.83
Surat,Vesu,Villa,3,4462,Furnished,9,No,62.44
Ahmedabad,Bopal,Independent House,5,4416,Furnished,5,No,119.22
Ahmedabad,Bopal,Independent House,2,4366,Semi-furnished,28,No,77.4
Ahmedabad,Satellite,Villa,1,2281,Unfurnished,8,No,158.35
Surat,Pal,Apartment,5,2657,Unfurnished,27,Yes,54.76
Ahmedabad,Bopal,Apartment,4,855,Furnished,15,Yes,163.0
Ahmedabad,Navrangpura,Apartment,5,732,Furnished,2,Yes,118.76
Ahmedabad,Navrangpura,Independent House,5,2681,Furnished,31,No,34.27
Surat,Adajan,Independent House,1,4868,Unfurnished,20,No,46.0
Surat,Piplod,Villa,1,1214,Semi-furnished,23,Yes,56.95
Ahmedabad,Navrangpura,Villa,5,4272,Furnished,21,No,41.27
Surat,Adajan,Independent House,2,1146,Furnished,11,No,52.99
Ahmedabad,Gota,Villa,1,3653,Furnished,20,No,67.26
Ahmedabad,Gota,Apartment,1,1653,Semi-furnished,8,Yes,57.03
Ahmedabad,Bopal,Villa,1,3229,Unfurnished,18,No,132.09
Ahmedabad,Bopal,Villa,1,4088,Semi-furnished,8,No,16.39
Ahmedabad,Satellite,Independent House,2,4664,Furnished,28,Yes,12.42
Ahmedabad,Navrangpura,Villa,5,2311,Unfurnished,29,No,48.62
Surat,Vesu,Apartment,5,2985,Unfurnished,22,No,166.82
Surat,Vesu,Independent House,1,2359,Furnished,18,No,93.4
Surat,Pal,Apartment,4,3990,Unfurnished,19,Yes,115.53
Ahmedabad,Gota,Villa,1,3785,Semi-furnished,10,Yes,195.29
Surat,Adajan,Villa,2,1188,Unfurnished,20,No,86.86
Ahmedabad,Navrangpura,Apartment,3,1632,Furnished,30,Yes,61.65
Surat,Vesu,Apartment,1,4749,Unfurnished,28,Yes,74.25
Surat,Pal,Villa,5,4015,Semi-furnished,24,Yes,23.02
Surat,Vesu,Villa,5,4556,Furnished,28,No,98.71
Surat,Vesu,Apartment,3,2400,Unfurnished,26,Yes,37.91
Ahmedabad,Bopal,Villa,4,4986,Unfurnished,30,Yes,95.4
Surat,Adajan,Apartment,3,883,Unfurnished,10,No,60.67
Ahmedabad,SG Highway,Independent House,3,3735,Furnished,27,No,190.95
Surat,Piplod,Villa,5,1102,Unfurnished,19,Yes,11.04
Surat,Althan,Villa,3,3412,Unfurnished,12,Yes,16.41
Ahmedabad,Bopal,Villa,1,3375,Unfurnished,11,No,187.27
Ahmedabad,Navrangpura,Apartment,3,2888,Semi-furnished,13,No,44.68
Surat,Pal,Apartment,2,3847,Furnished,22,No,104.99
Surat,Adajan,Independent House,1,946,Furnished,34,No,146.42
Surat,Althan,Apartment,4,2808,Semi-furnished,23,No,14.12
Ahmedabad,Navrangpura,Apartment,1,1522,Furnished,24,Yes,131.02
Ahmedabad,Satellite,Independent House,1,1084,Furnished,26,Yes,19.68
Surat,Pal,Apartment,4,4508,Semi-furnished,13,Yes,128.78
Surat,Althan,Villa,5,719,Furnished,32,No,172.94
Surat,Pal,Villa,4,521,Unfurnished,22,Yes,104.31
Ahmedabad,Satellite,Independent House,5,4535,Furnished,30,Yes,112.67
Ahmedabad,SG Highway,Independent House,2,1497,Semi-furnished,3,Yes,86.55
Surat,Piplod,Villa,3,1775,Semi-furnished,31,No,192.43
Surat,Vesu,Apartment,3,3063,Unfurnished,19,No,21.23
Surat,Vesu,Apartment,1,3083,Unfurnished,8,No,199.31
Ahmedabad,Satellite,Apartment,3,2143,Furnished,21,No,67.87
Ahmedabad,Gota,Villa,1,991,Unfurnished,8,Yes,101.81
Surat,Piplod,Independent House,4,2806,Semi-furnished,24,No,23.36
Ahmedabad,SG Highway,Independent House,1,2017,Unfurnished,19,Yes,10.58
Surat,Althan,Villa,4,4197,Unfurnished,6,No,121.49
Ahmedabad,Satellite,Independent House,5,615,Furnished,22,No,199.54
Ahmedabad,Bopal,Apartment,2,2537,Semi-furnished,15,Yes,34.72
Surat,Althan,Villa,1,1915,Unfurnished,11,No,79.51
Ahmedabad,Bopal,Apartment,4,3594,Unfurnished,5,No,98.5
Surat,Piplod,Apartment,4,887,Furnished,7,No,167.42
Surat,Piplod,Independent House,3,4012,Semi-furnished,10,No,115.62
Surat,Pal,Independent House,1,1425,Furnished,30,Yes,89.1
Ahmedabad,Gota,Apartment,4,3466,Furnished,6,No,26.69
Surat,Piplod,Apartment,5,4613,Furnished,30,No,130.11
Surat,Adajan,Villa,3,2250,Semi-furnished,12,Yes,86.42
Surat,Piplod,Villa,1,4603,Unfurnished,24,Yes,106.46
Surat,Althan,Independent House,4,4775,Furnished,35,Yes,170.67
Ahmedabad,Gota,Villa,4,1921,Furnished,18,No,104.19
Ahmedabad,Satellite,Independent House,5,2543,Unfurnished,22,Yes,144.27
Ahmedabad,SG Highway,Independent House,3,988,Semi-furnished,20,Yes,132.42
Ahmedabad,SG Highway,Apartment,2,3806,Furnished,20,Yes,132.43
Ahmedabad,SG Highway,Independent House,2,1483,Furnished,8,Yes,77.94
Ahmedabad,Gota,Apartment,1,4434,Semi-furnished,10,Yes,102.93
Surat,Pal,Villa,3,3091,Unfurnished,32,Yes,150.77
Ahmedabad,Gota,Independent House,3,1779,Unfurnished,24,Yes,132.67
Surat,Piplod,Villa,2,1997,Furnished,14,Yes,72.17
Ahmedabad,Navrangpura,Independent House,3,4196,Furnished,29,Yes,99.13
Ahmedabad,Satellite,Independent House,3,3834,Unfurnished,27,Yes,106.53
Ahmedabad,Satellite,Independent House,2,788,Unfurnished,26,Yes,34.64
Surat,Piplod,Apartment,3,4716,Unfurnished,15,Yes,104.78
Ahmedabad,Bopal,Apartment,1,3110,Semi-furnished,12,No,43.61
Surat,Piplod,Apartment,4,3657,Unfurnished,3,Yes,69.25
Surat,Althan,Villa,4,3119,Unfurnished,20,No,142.88
Surat,Althan,Independent House,1,3856,Unfurnished,12,No,111.01
Ahmedabad,Satellite,Apartment,3,590,Semi-furnished,15,No,162.23
Ahmedabad,Navrangpura,Independent House,1,1890,Furnished,21,No,50.58
Surat,Adajan,Apartment,2,651,Semi-furnished,5,No,177.92
Ahmedabad,Navrangpura,Independent House,1,2861,Unfurnished,31,No,94.91
Ahmedabad,Gota,Villa,2,1720,Furnished,20,No,178.3
Ahmedabad,Gota,Apartment,4,3523,Semi-furnished,22,Yes,126.88
Surat,Piplod,Independent House,2,1698,Furnished,32,No,179.69
Surat,Althan,Independent House,2,3413,Semi-furnished,17,No,56.63
Surat,Vesu,Independent House,1,3778,Semi-furnished,25,No,151.45
Ahmedabad,Navrangpura,Apartment,1,1247,Unfurnished,5,No,149.79
Surat,Adajan,Villa,3,4802,Unfurnished,31,No,100.59
Ahmedabad,SG Highway,Apartment,4,3139,Unfurnished,25,Yes,19.54
Surat,Vesu,Apartment,4,4112,Semi-furnished,26,No,24.14
Surat,Piplod,Independent House,3,3462,Furnished,7,Yes,108.11
Surat,Pal,Independent House,5,1356,Semi-furnished,8,Yes,160.99
Ahmedabad,Bopal,Apartment,1,2266,Unfurnished,2,Yes,153.2
Ahmedabad,SG Highway,Apartment,3,2620,Unfurnished,24,Yes,165.71
Ahmedabad,Gota,Apartment,3,563,Furnished,25,Yes,98.62
Surat,Althan,Apartment,4,4744,Unfurnished,31,Yes,94.11
Surat,Pal,Villa,2,842,Unfurnished,19,No,121.73
Surat,Althan,Independent House,4,2529,Semi-furnished,5,No,47.77
Surat,Vesu,Independent House,1,689,Unfurnished,28,Yes,127.98
Surat,Althan,Apartment,5,2842,Furnished,23,Yes,137.22
Ahmedabad,Bopal,Independent House,3,4331,Unfurnished,23,Yes,151.26
Surat,Vesu,Apartment,1,3379,Semi-furnished,26,No,154.87
Surat,Vesu,Independent House,4,1534,Semi-furnished,13,No,179.73
Surat,Vesu,Independent House,1,3870,Furnished,29,Yes,13.51
Ahmedabad,Bopal,Apartment,5,2593,Furnished,7,No,63.1
Surat,Pal,Independent House,5,1126,Semi-furnished,18,No,175.74
Surat,Adajan,Villa,2,4541,Semi-furnished,12,No,123.07
Surat,Adajan,Villa,2,1798,Semi-furnished,15,Yes,27.85
Ahmedabad,Gota,Villa,2,3156,Unfurnished,17,No,174.56
Ahmedabad,Bopal,Apartment,2,1494,Unfurnished,8,No,115.95
Surat,Adajan,Apartment,4,3165,Semi-furnished,29,Yes,166.87
Ahmedabad,SG Highway,Independent House,4,4614,Semi-furnished,26,No,54.15
Surat,Piplod,Apartment,2,1820,Unfurnished,2,No,145.12
Ahmedabad,Satellite,Apartment,4,952,Furnished,18,Yes,190.11
Ahmedabad,SG Highway,Villa,1,2705,Furnished,17,No,81.24
Ahmedabad,Gota,Independent House,5,1265,Semi-furnished,7,No,112.68
Surat,Pal,Apartment,5,3160,Furnished,18,No,126.62
Surat,Vesu,Villa,4,1434,Unfurnished,8,No,75.74
Ahmedabad,SG Highway,Apartment,2,600,Unfurnished,26,No,166.19
Ahmedabad,Navrangpura,Independent House,2,3913,Furnished,15,Yes,18.02
Ahmedabad,SG Highway,Villa,2,812,Unfurnished,15,Yes,64.75
Ahmedabad,SG Highway,Apartment,1,3276,Furnished,9,No,146.63
Ahmedabad,Gota,Villa,3,2789,Semi-furnished,18,No,164.61
Surat,Adajan,Villa,1,604,Unfurnished,18,No,116.1
Surat,Adajan,Apartment,1,2690,Furnished,24,Yes,57.4
Surat,Althan,Villa,4,2936,Unfurnished,27,No,22.41
Surat,Vesu,Independent House,1,4838,Unfurnished,25,Yes,171.39
Ahmedabad,Navrangpura,Villa,2,4038,Furnished,4,No,103.07
Ahmedabad,Satellite,Villa,5,4558,Furnished,13,Yes,186.55
Surat,Piplod,Apartment,1,2634,Furnished,4,No,129.0
Ahmedabad,Navrangpura,Independent House,4,3694,Furnished,7,Yes,49.08
Surat,Pal,Apartment,3,939,Furnished,11,Yes,98.34
Surat,Adajan,Villa,3,4572,Unfurnished,11,No,35.55
Surat,Althan,Apartment,3,3624,Furnished,28,Yes,57.38
Surat,Piplod,Apartment,5,1611,Semi-furnished,17,Yes,159.03
Surat,Pal,Villa,5,2357,Furnished,8,No,114.8
Ahmedabad,Navrangpura,Villa,1,4957,Unfurnished,11,Yes,105.47
Ahmedabad,Gota,Villa,3,2339,Furnished,29,Yes,52.62
Surat,Althan,Villa,1,3505,Semi-furnished,10,No,192.68
Surat,Pal,Independent House,5,3160,Semi-furnished,18,Yes,169.2
Surat,Adajan,Villa,3,2311,Semi-furnished,11,No,159.68
Surat,Althan,Independent House,1,806,Furnished,4,Yes,92.19
Ahmedabad,Gota,Apartment,4,3497,Semi-furnished,17,No,41.24
Ahmedabad,Satellite,Independent House,2,940,Furnished,7,No,170.61
Ahmedabad,SG Highway,Villa,2,3992,Furnished,21,Yes,170.29
Ahmedabad,Satellite,Independent House,3,841,Semi-furnished,33,No,179.01
Ahmedabad,Satellite,Independent House,4,512,Unfurnished,15,No,63.99
Surat,Althan,Apartment,2,4957,Unfurnished,12,Yes,168.96
Ahmedabad,SG Highway,Independent House,3,1089,Furnished,9,Yes,32.75
Ahmedabad,Bopal,Independent House,4,2092,Furnished,5,Yes,20.98
Surat,Vesu,Independent House,3,4379,Semi-furnished,35,Yes,84.93
Ahmedabad,SG Highway,Villa,3,3522,Semi-furnished,20,No,197.07
Ahmedabad,Gota,Independent House,4,2866,Unfurnished,11,No,142.29
Ahmedabad,SG Highway,Villa,4,984,Semi-furnished,30,Yes,41.6
Ahmedabad,Satellite,Independent House,2,3339,Semi-furnished,8,Yes,35.44
Ahmedabad,SG Highway,Villa,3,2405,Unfurnished,11,Yes,67.21
Ahmedabad,SG Highway,Villa,1,2595,Furnished,32,No,47.86
Ahmedabad,Navrangpura,Independent House,5,2831,Semi-furnished,21,No,136.88
Ahmedabad,Gota,Independent House,2,973,Unfurnished,18,Yes,170.31
Surat,Pal,Independent House,2,673,Furnished,24,No,11.72
Ahmedabad,Satellite,Villa,4,4209,Semi-furnished,20,No,84.01
Surat,Vesu,Villa,1,847,Furnished,31,Yes,10.37
Surat,Adajan,Apartment,2,986,Semi-furnished,17,No,110.6
Ahmedabad,Satellite,Independent House,3,4971,Unfurnished,11,No,92.66
Ahmedabad,SG Highway,Apartment,5,3963,Unfurnished,19,Yes,83.24
Ahmedabad,Navrangpura,Independent House,4,4503,Unfurnished,10,Yes,21.05
Ahmedabad,Gota,Villa,2,1053,Semi-furnished,20,No,72.25
Surat,Piplod,Apartment,3,2798,Furnished,29,No,193.07
Surat,Pal,Independent House,4,4785,Furnished,16,Yes,25.63
Surat,Vesu,Villa,5,2069,Unfurnished,26,Yes,180.96
Surat,Althan,Villa,1,1023,Semi-furnished,5,Yes,114.55
Surat,Adajan,Independent House,4,3230,Unfurnished,11,Yes,24.55
Ahmedabad,Satellite,Apartment,2,4140,Semi-furnished,31,Yes,13.68
Ahmedabad,Bopal,Villa,4,2763,Unfurnished,5,Yes,60.44
Surat,Vesu,Apartment,4,3403,Unfurnished,20,Yes,36.51
Ahmedabad,Navrangpura,Villa,2,4593,Semi-furnished,17,No,150.35
Surat,Piplod,Independent House,1,4943,Unfurnished,18,No,20.84
Ahmedabad,Navrangpura,Apartment,2,2263,Semi-furnished,35,No,153.55
Surat,Pal,Apartment,2,4417,Furnished,27,No,37.57
Ahmedabad,Navrangpura,Independent House,1,3816,Semi-furnished,20,No,47.76
Surat,Adajan,Villa,1,2954,Semi-furnished,19,No,47.43
Ahmedabad,Gota,Apartment,4,1028,Semi-furnished,26,Yes,139.18
Surat,Vesu,Apartment,2,3494,Semi-furnished,33,Yes,88.81
Surat,Piplod,Independent House,1,545,Unfurnished,6,Yes,177.92
Ahmedabad,Satellite,Apartment,5,1327,Unfurnished,32,Yes,194.66
Ahmedabad,Satellite,Villa,1,3935,Unfurnished,27,Yes,14.76
Ahmedabad,Satellite,Independent House,5,2971,Unfurnished,29,No,39.02
Surat,Althan,Independent House,3,559,Semi-furnished,19,No,79.69
Surat,Pal,Apartment,1,4596,Semi-furnished,25,Yes,184.3
Surat,Althan,Apartment,1,1717,Semi-furnished,33,No,109.22
Surat,Pal,Independent House,4,1968,Semi-furnished,16,Yes,146.95
Ahmedabad,Satellite,Villa,5,2895,Semi-furnished,21,No,53.94
Ahmedabad,Gota,Independent House,5,890,Semi-furnished,28,Yes,98.61
Surat,Althan,Villa,2,2798,Furnished,27,No,179.54
Ahmedabad,Bopal,Villa,4,4538,Semi-furnished,33,No,149.18
Ahmedabad,SG Highway,Villa,3,1312,Unfurnished,3,Yes,16.99
Surat,Pal,Villa,4,2491,Furnished,28,No,135.34
Surat,Althan,Apartment,5,1659,Furnished,17,Yes,89.63
Ahmedabad,Bopal,Apartment,3,4606,Furnished,28,No,102.88
Ahmedabad,SG Highway,Independent House,5,3876,Semi-furnished,29,No,93.28
Ahmedabad,SG Highway,Villa,1,2121,Semi-furnished,26,Yes,180.33
Surat,Adajan,Independent House,2,2709,Furnished,10,No,67.38
Surat,Pal,Villa,5,1184,Semi-furnished,22,Yes,39.59
Surat,Adajan,Villa,5,3058,Semi-furnished,21,Yes,84.3
Surat,Althan,Independent House,3,4280,Unfurnished,30,Yes,43.37
Ahmedabad,SG Highway,Apartment,3,4134,Furnished,29,Yes,115.71
Ahmedabad,Bopal,Apartment,5,3925,Furnished,25,Yes,56.31
Ahmedabad,SG Highway,Apartment,4,595,Semi-furnished,5,No,63.77
Surat,Vesu,Apartment,1,2698,Unfurnished,15,No,95.79
Ahmedabad,Navrangpura,Independent House,5,962,Semi-furnished,13,No,190.5
Surat,Piplod,Villa,3,2054,Semi-furnished,7,Yes,48.43
Surat,Pal,Independent House,5,4979,Furnished,4,No,151.23
Surat,Piplod,Independent House,3,4822,Semi-furnished,20,No,160.06
Ahmedabad,Gota,Apartment,1,1549,Unfurnished,7,No,32.25
Ahmedabad,Bopal,Villa,1,1856,Unfurnished,28,No,118.34
Surat,Pal,Villa,1,4091,Unfurnished,20,No,128.41
Ahmedabad,Satellite,Independent House,2,3300,Furnished,22,Yes,83.21
Ahmedabad,Navrangpura,Independent House,4,3926,Furnished,7,Yes,176.95
Surat,Althan,Apartment,5,2083,Unfurnished,15,No,193.45
Surat,Pal,Apartment,3,3439,Semi-furnished,30,Yes,25.87
Ahmedabad,Gota,Independent House,4,715,Unfurnished,31,No,107.35
Surat,Piplod,Apartment,5,2778,Semi-furnished,14,No,188.55
Surat,Althan,Independent House,3,4266,Semi-furnished,9,No,125.34
Ahmedabad,Navrangpura,Apartment,1,2098,Furnished,34,Yes,160.89
Surat,Pal,Independent House,1,2206,Semi-furnished,27,No,199.77
Surat,Althan,Independent House,1,2352,Unfurnished,8,No,95.68
Ahmedabad,Satellite,Apartment,3,4357,Furnished,18,No,23.96
Surat,Adajan,Apartment,5,2703,Furnished,4,No,84.44
Ahmedabad,Navrangpura,Villa,1,3459,Unfurnished,7,Yes,36.27
Surat,Vesu,Independent House,1,4014,Furnished,8,No,166.1
Surat,Pal,Independent House,4,2815,Semi-furnished,10,No,77.4
Ahmedabad,Navrangpura,Apartment,4,4817,Furnished,31,Yes,195.5
Ahmedabad,Bopal,Independent House,3,4938,Furnished,18,Yes,37.34
Ahmedabad,SG Highway,Villa,1,4477,Unfurnished,31,Yes,62.48
Ahmedabad,Bopal,Villa,3,3601,Unfurnished,20,No,112.53
Surat,Pal,Apartment,1,2567,Semi-furnished,22,No,159.3
Surat,Vesu,Independent House,2,1937,Unfurnished,16,Yes,19.6
Ahmedabad,Bopal,Independent House,1,2426,Semi-furnished,11,Yes,156.7
Ahmedabad,Navrangpura,Independent House,1,608,Semi-furnished,11,No,119.01
Surat,Piplod,Independent House,5,3147,Semi-furnished,25,No,121.52
Surat,Vesu,Villa,4,781,Unfurnished,3,Yes,86.39
Surat,Althan,Villa,5,958,Furnished,5,Yes,87.19
Surat,Althan,Independent House,3,4242,Semi-furnished,13,Yes,95.03
Ahmedabad,Bopal,Apartment,4,3316,Semi-furnished,27,Yes,199.48
Ahmedabad,Bopal,Villa,1,1169,Furnished,33,Yes,141.64
Surat,Adajan,Apartment,3,926,Unfurnished,22,Yes,192.71
Surat,Althan,Independent House,2,1713,Semi-furnished,31,No,37.25
Surat,Piplod,Apartment,4,1444,Furnished,18,No,104.13
Surat,Vesu,Villa,2,3477,Semi-furnished,18,No,105.38
Surat,Vesu,Apartment,3,4766,Unfurnished,26,No,188.43
Surat,Pal,Villa,1,3478,Furnished,10,Yes,138.37
Surat,Piplod,Villa,2,1278,Furnished,27,No,96.65
Ahmedabad,SG Highway,Villa,5,3148,Semi-furnished,32,No,87.46
Ahmedabad,Navrangpura,Villa,1,1217,Furnished,30,No,68.31
Ahmedabad,Satellite,Villa,4,1564,Furnished,17,Yes,99.28
Surat,Pal,Apartment,4,2012,Furnished,20,Yes,100.1
Ahmedabad,Gota,Villa,1,4456,Unfurnished,26,Yes,156.87
Surat,Adajan,Independent House,3,3221,Furnished,31,No,23.92
Surat,Pal,Villa,2,3043,Unfurnished,4,Yes,55.25
Ahmedabad,Bopal,Villa,1,3160,Unfurnished,6,No,107.34
Ahmedabad,SG Highway,Independent House,5,3034,Furnished,20,No,77.68
Ahmedabad,Satellite,Independent House,1,4570,Furnished,3,No,171.3
Surat,Piplod,Villa,3,1631,Furnished,30,No,110.52
Ahmedabad,Navrangpura,Apartment,1,2073,Semi-furnished,2,Yes,110.53
Surat,Althan,Villa,5,3474,Furnished,18,Yes,39.89
Surat,Vesu,Villa,3,2669,Furnished,14,Yes,27.05
Surat,Pal,Apartment,3,1226,Semi-furnished,10,No,81.71
Ahmedabad,Satellite,Apartment,2,2496,Unfurnished,23,No,47.66
Ahmedabad,SG Highway,Independent House,5,2598,Semi-furnished,11,Yes,69.81
Ahmedabad,Navrangpura,Independent House,4,4758,Semi-furnished,31,No,174.09
Ahmedabad,Gota,Villa,5,2387,Unfurnished,27,Yes,162.64
Surat,Pal,Apartment,4,1430,Unfurnished,11,Yes,98.26
Surat,Piplod,Villa,3,3873,Unfurnished,33,No,92.8
Ahmedabad,Satellite,Apartment,5,1954,Semi-furnished,11,Yes,130.79
Ahmedabad,Gota,Independent House,4,4522,Semi-furnished,23,No,30.35
Surat,Vesu,Apartment,3,1366,Furnished,16,No,199.3
Ahmedabad,Satellite,Independent House,2,3693,Furnished,16,No,147.06
Surat,Piplod,Independent House,3,991,Semi-furnished,24,No,33.29
Ahmedabad,SG Highway,Apartment,1,2636,Unfurnished,6,No,45.3
Ahmedabad,Navrangpura,Villa,5,1185,Semi-furnished,19,No,143.77
Ahmedabad,Satellite,Independent House,1,2952,Unfurnished,17,No,102.97
Surat,Pal,Villa,2,2341,Furnished,23,No,150.72
Surat,Adajan,Independent House,4,1203,Furnished,6,No,24.14
Ahmedabad,Navrangpura,Apartment,5,3406,Semi-furnished,19,Yes,69.26
Surat,Vesu,Villa,2,832,Unfurnished,12,No,95.78
Ahmedabad,Satellite,Villa,4,3589,Furnished,30,Yes,125.93
Surat,Piplod,Apartment,3,3768,Unfurnished,9,No,13.71
Ahmedabad,SG Highway,Villa,5,2164,Semi-furnished,8,Yes,112.11
Surat,Pal,Apartment,4,2752,Semi-furnished,15,Yes,40.81
Surat,Vesu,Independent House,3,3271,Semi-furnished,15,Yes,119.4
Surat,Althan,Apartment,3,1810,Unfurnished,17,No,24.24
Surat,Adajan,Apartment,3,2946,Unfurnished,2,Yes,104.49
Surat,Pal,Apartment,4,2586,Semi-furnished,26,No,147.71
Ahmedabad,SG Highway,Villa,3,1404,Semi-furnished,24,Yes,140.89
Ahmedabad,Bopal,Independent House,1,2159,Furnished,27,Yes,33.51
Surat,Althan,Apartment,5,4098,Unfurnished,12,Yes,16.85
Surat,Adajan,Independent House,3,3215,Semi-furnished,22,No,17.79
Ahmedabad,Bopal,Villa,3,3097,Semi-furnished,22,Yes,64.14
Ahmedabad,Satellite,Apartment,5,4462,Semi-furnished,14,No,112.92
Surat,Adajan,Villa,3,2671,Unfurnished,6,No,76.47
Surat,Pal,Villa,2,4047,Semi-furnished,28,Yes,82.75
Surat,Althan,Apartment,4,4188,Semi-furnished,29,No,58.5
Surat,Adajan,Apartment,5,3196,Semi-furnished,9,No,197.98
Surat,Adajan,Independent House,5,1274,Furnished,2,Yes,177.01
Surat,Vesu,Villa,4,1188,Unfurnished,10,No,110.86
Ahmedabad,Navrangpura,Independent House,2,1311,Unfurnished,22,Yes,195.54
Surat,Vesu,Independent House,4,4203,Unfurnished,21,No,55.42
Surat,Althan,Independent House,1,3832,Semi-furnished,12,No,145.7
Surat,Pal,Independent House,2,1226,Furnished,7,No,19.97
Ahmedabad,Navrangpura,Apartment,4,2773,Furnished,28,No,38.91
Ahmedabad,Gota,Independent House,5,3880,Furnished,25,No,108.65
Surat,Adajan,Independent House,1,3601,Unfurnished,3,Yes,131.95
Ahmedabad,SG Highway,Apartment,3,3639,Unfurnished,24,Yes,103.75
Ahmedabad,Navrangpura,Apartment,2,4834,Semi-furnished,6,No,43.79
Ahmedabad,Gota,Independent House,5,1000,Furnished,26,Yes,195.53
Surat,Adajan,Independent House,3,4459,Semi-furnished,9,No,180.41
Surat,Vesu,Villa,5,600,Unfurnished,16,Yes,158.32
Ahmedabad,Satellite,Villa,3,2310,Unfurnished,14,Yes,54.49
Surat,Piplod,Apartment,5,4762,Furnished,33,No,181.7
Surat,Vesu,Villa,4,3360,Unfurnished,19,No,177.4
Surat,Piplod,Apartment,2,1847,Unfurnished,16,Yes,11.27
Ahmedabad,Satellite,Independent House,5,4646,Semi-furnished,27,No,83.28
Ahmedabad,Gota,Villa,4,4041,Furnished,33,No,45.24
Ahmedabad,Navrangpura,Villa,4,4034,Unfurnished,3,Yes,152.58
Ahmedabad,Gota,Villa,2,1830,Unfurnished,5,Yes,100.01
Ahmedabad,SG Highway,Independent House,5,4346,Furnished,11,Yes,53.36
Ahmedabad,SG Highway,Apartment,3,2188,Unfurnished,20,Yes,168.29
Ahmedabad,Satellite,Villa,3,4528,Semi-furnished,7,Yes,25.17
Surat,Althan,Independent House,1,1535,Furnished,27,Yes,154.89
Surat,Pal,Apartment,1,4234,Furnished,4,Yes,53.79
Ahmedabad,Satellite,Villa,5,1375,Semi-furnished,6,Yes,85.16
Surat,Pal,Apartment,4,3740,Semi-furnished,8,No,160.15
Ahmedabad,Gota,Independent House,3,1915,Unfurnished,3,Yes,125.87
Surat,Adajan,Apartment,2,3510,Unfurnished,33,Yes,12.94
Surat,Adajan,Apartment,4,3221,Furnished,25,No,82.3
Surat,Vesu,Independent House,5,3456,Unfurnished,12,No,136.73
Ahmedabad,Navrangpura,Apartment,5,4222,Unfurnished,31,Yes,172.28
Ahmedabad,Bopal,Apartment,1,2635,Semi-furnished,32,Yes,17.23
Ahmedabad,Navrangpura,Independent House,3,875,Semi-furnished,12,Yes,124.19
Ahmedabad,Satellite,Villa,3,1441,Semi-furnished,14,No,59.0
Ahmedabad,Bopal,Apartment,2,1208,Unfurnished,3,No,150.75
Surat,Vesu,Apartment,4,3828,Semi-furnished,14,Yes,129.27
Surat,Althan,Independent House,5,945,Unfurnished,28,Yes,147.79
Surat,Piplod,Apartment,5,2169,Unfurnished,8,Yes,89.98
Ahmedabad,Bopal,Independent House,5,2547,Furnished,14,Yes,20.96
Ahmedabad,SG Highway,Villa,5,2851,Furnished,10,No,69.93
Surat,Adajan,Villa,3,823,Unfurnished,24,Yes,71.51
Ahmedabad,Satellite,Villa,4,1641,Semi-furnished,28,No,89.56
Surat,Althan,Independent House,3,4084,Furnished,10,No,127.71
Ahmedabad,SG Highway,Apartment,2,1460,Semi-furnished,16,No,180.03
Ahmedabad,Satellite,Villa,2,2312,Unfurnished,14,No,155.67
Ahmedabad,Satellite,Independent House,1,2694,Furnished,26,No,155.97
Surat,Piplod,Apartment,4,3428,Semi-furnished,16,Yes,162.2
Ahmedabad,Satellite,Villa,4,1006,Semi-furnished,19,Yes,112.31
Ahmedabad,Gota,Villa,5,4531,Unfurnished,5,No,71.31
Ahmedabad,Satellite,Apartment,1,2303,Unfurnished,16,No,150.33
Ahmedabad,Navrangpura,Apartment,2,4591,Semi-furnished,25,No,144.2
Ahmedabad,Gota,Independent House,5,4724,Unfurnished,30,No,87.19
Ahmedabad,Bopal,Independent House,4,832,Semi-furnished,9,No,184.12
Ahmedabad,Bopal,Independent House,3,2217,Furnished,16,Yes,39.18
Surat,Althan,Apartment,5,4213,Furnished,10,No,24.52
Surat,Althan,Villa,4,3095,Semi-furnished,16,No,115.35
Ahmedabad,SG Highway,Apartment,4,4159,Unfurnished,17,No,11.51
Surat,Althan,Villa,3,645,Unfurnished,8,Yes,143.75
Ahmedabad,SG Highway,Independent House,2,811,Semi-furnished,8,Yes,180.24
Surat,Adajan,Apartment,4,4562,Furnished,13,Yes,197.63
Surat,Althan,Independent House,3,2424,Furnished,24,No,146.29
Ahmedabad,Bopal,Independent House,2,1663,Unfurnished,10,Yes,35.43
Surat,Adajan,Villa,2,2712,Unfurnished,13,Yes,147.42
Ahmedabad,Gota,Independent House,4,4948,Unfurnished,28,No,81.33
Ahmedabad,SG Highway,Villa,2,2533,Semi-furnished,13,Yes,164.52
Surat,Althan,Apartment,5,4193,Unfurnished,34,Yes,85.78
Surat,Pal,Apartment,1,2122,Unfurnished,33,Yes,80.64
Ahmedabad,Satellite,Independent House,2,4774,Furnished,18,Yes,56.18
Surat,Pal,Apartment,2,4616,Semi-furnished,29,Yes,122.36
Surat,Althan,Apartment,5,3553,Unfurnished,8,Yes,149.08
Surat,Vesu,Villa,2,4002,Semi-furnished,10,Yes,173.16
Surat,Piplod,Independent House,2,1029,Furnished,32,Yes,122.56
Ahmedabad,SG Highway,Independent House,1,1163,Semi-furnished,14,No,196.58
Ahmedabad,Satellite,Apartment,1,4279,Unfurnished,21,Yes,121.18
Ahmedabad,Bopal,Villa,3,4352,Semi-furnished,24,Yes,172.2
Surat,Adajan,Villa,3,1005,Semi-furnished,32,No,96.07
Ahmedabad,Navrangpura,Apartment,3,3111,Furnished,30,Yes,66.25
Surat,Althan,Apartment,5,1647,Furnished,9,No,25.99
Ahmedabad,Bopal,Villa,3,2792,Semi-furnished,13,Yes,198.14
Surat,Pal,Apartment,4,2436,Furnished,24,Yes,54.08
Surat,Adajan,Independent House,2,3835,Furnished,30,Yes,20.08
Surat,Pal,Independent House,3,3302,Furnished,18,Yes,192.84
Ahmedabad,SG Highway,Independent House,1,2328,Semi-furnished,33,Yes,14.99
Ahmedabad,SG Highway,Apartment,5,2306,Furnished,18,No,21.15
Surat,Adajan,Villa,2,958,Furnished,30,Yes,168.87
Surat,Piplod,Villa,1,4619,Furnished,15,No,110.01
Surat,Pal,Apartment,2,4859,Unfurnished,19,Yes,177.36
Surat,Pal,Villa,1,1849,Furnished,22,No,192.1
Ahmedabad,Gota,Independent House,4,977,Semi-furnished,4,Yes,154.08
Surat,Althan,Apartment,2,2571,Unfurnished,22,No,89.52
Ahmedabad,Satellite,Apartment,4,1272,Furnished,31,No,45.55
Ahmedabad,Bopal,Independent House,1,4747,Furnished,19,Yes,130.65
Ahmedabad,Bopal,Villa,2,3177,Furnished,14,No,11.47
Surat,Pal,Villa,2,862,Furnished,2,No,155.91
Ahmedabad,Gota,Independent House,5,2271,Furnished,9,Yes,144.88
Ahmedabad,Bopal,Villa,4,2287,Semi-furnished,30,No,39.32
Ahmedabad,SG Highway,Villa,5,2206,Semi-furnished,7,Yes,182.17
Ahmedabad,Navrangpura,Independent House,5,3014,Furnished,19,Yes,82.26
Ahmedabad,Navrangpura,Villa,1,1402,Furnished,12,Yes,33.26
Surat,Adajan,Independent House,2,571,Unfurnished,29,No,59.57
Surat,Vesu,Villa,2,4486,Semi-furnished,33,No,53.92
Surat,Pal,Apartment,5,3057,Unfurnished,3,No,152.8
Surat,Piplod,Villa,5,692,Semi-furnished,29,Yes,167.96
Ahmedabad,SG Highway,Apartment,2,4772,Unfurnished,35,No,144.51
Surat,Piplod,Villa,5,4265,Semi-furnished,29,Yes,31.23
Ahmedabad,Navrangpura,Apartment,5,4459,Furnished,20,No,73.93
Ahmedabad,Bopal,Independent House,1,2929,Furnished,9,No,110.72
Ahmedabad,SG Highway,Independent House,4,3311,Semi-furnished,19,Yes,149.86
Ahmedabad,SG Highway,Independent House,4,3615,Semi-furnished,13,Yes,141.77
Ahmedabad,Satellite,Apartment,2,4980,Unfurnished,11,Yes,13.42
Surat,Vesu,Independent House,5,3811,Semi-furnished,6,Yes,190.67
Surat,Adajan,Apartment,5,4301,Furnished,4,Yes,109.36
Surat,Althan,Independent House,4,2792,Semi-furnished,2,No,86.19
Ahmedabad,Gota,Villa,2,1353,Furnished,35,No,49.15
Surat,Adajan,Independent House,1,3652,Semi-furnished,3,Yes,158.13
Ahmedabad,Bopal,Independent House,3,999,Semi-furnished,10,Yes,184.64
Surat,Althan,Apartment,2,3838,Unfurnished,4,No,175.97
Ahmedabad,Satellite,Independent House,4,4226,Semi-furnished,21,No,104.66
Surat,Piplod,Villa,3,3272,Furnished,9,No,168.07
Ahmedabad,Navrangpura,Independent House,2,2296,Unfurnished,4,No,188.0
Surat,Althan,Independent House,4,4496,Semi-furnished,18,Yes,133.74
Ahmedabad,Bopal,Independent House,5,838,Semi-furnished,19,Yes,164.7
Ahmedabad,Navrangpura,Independent House,4,3966,Furnished,8,Yes,84.92
Ahmedabad,Bopal,Villa,1,2860,Semi-furnished,3,Yes,148.96
Ahmedabad,Satellite,Apartment,4,4398,Unfurnished,3,No,181.64
Surat,Pal,Villa,3,4405,Unfurnished,17,Yes,60.92
Ahmedabad,Satellite,Villa,3,743,Furnished,11,No,103.28
Surat,Vesu,Villa,3,3699,Unfurnished,22,Yes,96.69
Surat,Adajan,Apartment,3,3369,Furnished,27,Yes,102.29
Ahmedabad,SG Highway,Independent House,1,4052,Semi-furnished,10,Yes,63.43
Surat,Vesu,Independent House,4,2817,Unfurnished,13,No,30.89
Ahmedabad,Satellite,Independent House,1,1327,Unfurnished,29,Yes,121.72
Ahmedabad,Gota,Independent House,1,2332,Semi-furnished,9,Yes,179.34
Ahmedabad,Gota,Villa,2,1108,Furnished,28,Yes,126.1
Ahmedabad,Navrangpura,Villa,4,4609,Unfurnished,29,Yes,24.96
Ahmedabad,Navrangpura,Villa,4,3708,Semi-furnished,12,No,64.06
Ahmedabad,Satellite,Villa,5,4343,Semi-furnished,25,Yes,135.7
Ahmedabad,Navrangpura,Apartment,2,1238,Furnished,30,Yes,197.59
Ahmedabad,SG Highway,Apartment,3,3992,Unfurnished,30,Yes,80.93
Surat,Vesu,Independent House,4,3476,Unfurnished,8,No,41.43
Surat,Althan,Independent House,1,2002,Semi-furnished,24,Yes,141.98
Surat,Vesu,Villa,1,3079,Unfurnished,13,No,170.25
Ahmedabad,Navrangpura,Apartment,1,1536,Unfurnished,9,Yes,168.11
Surat,Vesu,Villa,3,1977,Unfurnished,15,No,109.14
Ahmedabad,Bopal,Villa,2,4221,Furnished,31,Yes,63.31
Ahmedabad,Gota,Villa,3,4985,Unfurnished,30,No,20.02
Ahmedabad,Gota,Apartment,2,1486,Semi-furnished,4,No,193.59
Ahmedabad,Satellite,Apartment,3,606,Unfurnished,3,No,135.62
Surat,Piplod,Independent House,3,2936,Furnished,6,Yes,141.18
Ahmedabad,Gota,Independent House,4,2733,Furnished,5,Yes,179.09
Surat,Piplod,Villa,5,4010,Furnished,9,Yes,61.6
Surat,Adajan,Independent House,3,1290,Unfurnished,13,No,40.15
Ahmedabad,Satellite,Apartment,1,4313,Unfurnished,27,No,149.86
Surat,Vesu,Villa,5,2969,Unfurnished,7,No,169.59
Ahmedabad,SG Highway,Villa,4,2925,Unfurnished,35,Yes,154.58
Surat,Pal,Independent House,3,3465,Unfurnished,22,Yes,24.3
Surat,Piplod,Independent House,1,2078,Unfurnished,4,Yes,167.18
Surat,Althan,Apartment,1,1341,Unfurnished,7,No,141.97
Ahmedabad,Bopal,Villa,3,1542,Unfurnished,9,No,25.41
Ahmedabad,Satellite,Apartment,1,3346,Semi-furnished,25,Yes,119.43
Surat,Althan,Apartment,3,2242,Semi-furnished,23,Yes,79.69
Ahmedabad,SG Highway,Villa,2,2000,Furnished,30,Yes,139.94
Ahmedabad,Gota,Villa,2,4162,Semi-furnished,19,No,66.09
Ahmedabad,Gota,Villa,5,4265,Furnished,12,Yes,151.14
Ahmedabad,Navrangpura,Independent House,5,1804,Semi-furnished,2,Yes,21.93
Surat,Althan,Apartment,1,2294,Unfurnished,24,No,184.76
Ahmedabad,Navrangpura,Villa,3,1406,Semi-furnished,28,Yes,12.4
Surat,Vesu,Apartment,4,3284,Unfurnished,35,No,98.98
Ahmedabad,Bopal,Independent House,1,1532,Semi-furnished,31,Yes,31.12
Ahmedabad,SG Highway,Independent House,4,4901,Furnished,28,No,51.92
Ahmedabad,Gota,Villa,1,3553,Furnished,18,Yes,164.02
Ahmedabad,Gota,Independent House,2,2229,Unfurnished,32,Yes,138.31
Surat,Pal,Independent House,2,2406,Semi-furnished,35,Yes,143.36
Ahmedabad,Bopal,Villa,5,2324,Semi-furnished,2,Yes,148.7
Ahmedabad,Gota,Independent House,3,759,Semi-furnished,7,Yes,31.88
Ahmedabad,Satellite,Apartment,2,3606,Semi-furnished,25,Yes,100.35
Ahmedabad,Bopal,Independent House,2,1014,Furnished,25,No,166.77
Ahmedabad,Satellite,Villa,2,2138,Furnished,26,Yes,183.17
Ahmedabad,Navrangpura,Villa,3,2658,Semi-furnished,2,No,79.49
Ahmedabad,Bopal,Villa,3,3073,Furnished,4,Yes,22.27
Surat,Pal,Apartment,1,1971,Furnished,26,Yes,95.43
Surat,Piplod,Villa,5,4886,Semi-furnished,9,No,91.19
Surat,Vesu,Independent House,1,1671,Semi-furnished,8,No,131.9
Ahmedabad,SG Highway,Independent House,1,2404,Semi-furnished,22,No,173.31
Surat,Adajan,Independent House,4,1660,Semi-furnished,30,Yes,108.94
Surat,Vesu,Apartment,2,4341,Semi-furnished,22,No,49.71
Ahmedabad,SG Highway,Apartment,5,3158,Semi-furnished,18,No,161.44
Surat,Vesu,Villa,1,3304,Semi-furnished,4,No,137.51
Ahmedabad,SG Highway,Apartment,3,3438,Semi-furnished,24,Yes,157.32
Surat,Vesu,Apartment,2,1510,Unfurnished,18,No,163.87
Ahmedabad,Navrangpura,Independent House,4,1427,Unfurnished,25,Yes,190.02
Ahmedabad,Gota,Independent House,1,3078,Furnished,30,No,190.87
Surat,Piplod,Villa,3,1759,Semi-furnished,13,Yes,150.17
Surat,Piplod,Apartment,4,2993,Semi-furnished,5,No,85.58
Surat,Althan,Villa,4,1833,Unfurnished,33,No,91.36
Ahmedabad,SG Highway,Independent House,4,2496,Unfurnished,20,Yes,19.04
Surat,Vesu,Independent House,2,893,Furnished,8,Yes,50.12
Ahmedabad,Satellite,Independent House,3,4951,Unfurnished,7,No,94.74
Surat,Vesu,Apartment,5,1520,Furnished,10,Yes,190.14
Ahmedabad,SG Highway,Independent House,5,847,Semi-furnished,6,Yes,155.0
Ahmedabad,Satellite,Apartment,3,2759,Furnished,21,No,98.6
Surat,Althan,Apartment,5,3929,Unfurnished,23,No,58.61
Surat,Althan,Villa,3,1082,Semi-furnished,6,Yes,180.92
Surat,Adajan,Independent House,2,4572,Unfurnished,10,No,45.16
Ahmedabad,SG Highway,Independent House,3,4939,Furnished,18,Yes,107.82
Ahmedabad,SG Highway,Independent House,3,787,Unfurnished,5,No,62.89
Ahmedabad,Navrangpura,Independent House,4,1974,Furnished,16,Yes,71.05
Ahmedabad,Bopal,Villa,5,4337,Furnished,31,No,165.6
Surat,Vesu,Independent House,2,1593,Unfurnished,27,No,105.88
Ahmedabad,SG Highway,Apartment,5,2044,Semi-furnished,14,Yes,195.43
Ahmedabad,SG Highway,Independent House,5,1031,Unfurnished,19,Yes,158.95
Ahmedabad,SG Highway,Villa,5,1093,Furnished,9,No,51.18
Surat,Piplod,Villa,5,3313,Semi-furnished,25,No,175.11
Surat,Vesu,Villa,4,4179,Furnished,27,Yes,186.59
Ahmedabad,Gota,Apartment,1,3549,Unfurnished,32,Yes,66.52
Ahmedabad,Satellite,Villa,4,3639,Furnished,31,No,92.93
Ahmedabad,Navrangpura,Apartment,2,3305,Unfurnished,13,Yes,83.71
Surat,Piplod,Independent House,2,3577,Semi-furnished,8,Yes,143.42
Ahmedabad,Satellite,Independent House,4,1765,Unfurnished,35,No,144.9
Surat,Pal,Independent House,1,4929,Semi-furnished,17,Yes,173.04
Surat,Althan,Independent House,2,2522,Furnished,18,No,153.85
Surat,Adajan,Apartment,5,2886,Furnished,17,No,24.29
Ahmedabad,Navrangpura,Independent House,5,4482,Unfurnished,29,No,124.75
Ahmedabad,Gota,Independent House,1,1098,Unfurnished,20,Yes,187.81
Ahmedabad,Gota,Independent House,1,4456,Unfurnished,32,Yes,54.72
Ahmedabad,Bopal,Villa,5,2778,Furnished,28,No,56.03
Ahmedabad,Navrangpura,Villa,3,4658,Unfurnished,33,No,163.9
Surat,Adajan,Apartment,4,4318,Unfurnished,16,Yes,177.44
Ahmedabad,Gota,Independent House,5,2277,Furnished,7,Yes,54.68
Ahmedabad,Navrangpura,Apartment,5,2486,Furnished,31,No,49.44
Ahmedabad,Bopal,Independent House,4,3834,Unfurnished,13,No,57.35
Surat,Piplod,Apartment,5,3110,Unfurnished,2,No,41.09
Surat,Adajan,Apartment,1,1838,Unfurnished,34,No,103.4
Surat,Piplod,Apartment,4,4579,Unfurnished,19,Yes,131.8
Surat,Piplod,Apartment,1,1419,Semi-furnished,10,No,129.45
Surat,Adajan,Apartment,2,4518,Semi-furnished,12,No,103.18
Ahmedabad,Navrangpura,Apartment,2,1989,Unfurnished,16,No,182.72
Surat,Vesu,Independent House,5,4102,Semi-furnished,6,No,109.74
Surat,Piplod,Villa,3,4927,Unfurnished,20,No,77.55
Ahmedabad,Bopal,Villa,1,2519,Semi-furnished,9,Yes,185.06
Ahmedabad,Gota,Apartment,4,4777,Semi-furnished,24,No,64.0
Ahmedabad,Satellite,Apartment,4,3497,Semi-furnished,30,No,63.52
Surat,Vesu,Apartment,3,4586,Unfurnished,22,No,10.19
Surat,Adajan,Apartment,3,3511,Semi-furnished,11,No,107.71
Ahmedabad,Gota,Independent House,3,2961,Semi-furnished,8,Yes,76.64
Ahmedabad,Bopal,Independent House,1,4303,Furnished,27,No,89.77
Ahmedabad,Navrangpura,Villa,2,1695,Furnished,8,No,32.49
Surat,Pal,Independent House,2,4713,Semi-furnished,34,Yes,148.09
Ahmedabad,Satellite,Villa,2,2930,Unfurnished,25,Yes,69.63
Ahmedabad,Gota,Independent House,4,4171,Unfurnished,26,No,74.83
Ahmedabad,Satellite,Villa,1,5000,Unfurnished,10,No,130.52
Ahmedabad,Gota,Independent House,3,4530,Unfurnished,31,No,132.84
Ahmedabad,SG Highway,Apartment,5,1410,Unfurnished,30,No,44.97
Surat,Adajan,Apartment,1,4113,Semi-furnished,25,Yes,168.68
Ahmedabad,Bopal,Villa,5,2756,Unfurnished,9,No,50.98
Ahmedabad,Bopal,Villa,3,1072,Unfurnished,24,Yes,69.02
Surat,Adajan,Villa,2,1077,Unfurnished,22,Yes,64.08
Surat,Vesu,Villa,1,2716,Semi-furnished,4,No,44.85
Surat,Pal,Independent House,5,2516,Furnished,22,No,106.35
Ahmedabad,Bopal,Villa,1,1201,Furnished,20,No,177.52
Surat,Althan,Independent House,1,1391,Semi-furnished,15,No,65.86
Ahmedabad,Bopal,Villa,2,581,Unfurnished,19,Yes,77.27
Ahmedabad,Bopal,Villa,5,526,Semi-furnished,35,Yes,85.45
Ahmedabad,Navrangpura,Apartment,2,4600,Furnished,34,Yes,67.99
Ahmedabad,Gota,Apartment,2,4215,Semi-furnished,17,Yes,87.72
Surat,Vesu,Apartment,1,1734,Furnished,4,Yes,43.73
Surat,Piplod,Independent House,2,4478,Unfurnished,4,Yes,71.17
Surat,Althan,Villa,1,2252,Unfurnished,23,No,28.18
Surat,Piplod,Villa,1,3913,Furnished,6,Yes,144.83
Surat,Althan,Villa,5,1727,Furnished,10,No,157.18
Ahmedabad,Gota,Villa,5,2674,Furnished,15,Yes,170.65
Ahmedabad,Gota,Villa,4,3647,Unfurnished,13,No,115.14
Ahmedabad,SG Highway,Apartment,2,621,Semi-furnished,17,No,171.86
Ahmedabad,Gota,Villa,3,4525,Unfurnished,5,No,137.13
Ahmedabad,Gota,Villa,5,1370,Unfurnished,15,Yes,79.74
Ahmedabad,Bopal,Independent House,3,4317,Semi-furnished,26,Yes,178.33
Surat,Pal,Villa,4,1638,Unfurnished,15,No,71.33
Surat,Adajan,Villa,5,1784,Furnished,16,No,111.35
Surat,Vesu,Apartment,2,2278,Semi-furnished,19,No,148.92
Surat,Pal,Apartment,3,2723,Furnished,23,Yes,54.94
Ahmedabad,SG Highway,Independent House,2,1756,Furnished,8,No,142.3
Ahmedabad,Gota,Independent House,3,4951,Semi-furnished,19,No,46.32
Surat,Althan,Independent House,2,2991,Unfurnished,18,No,83.45
Surat,Pal,Villa,4,4553,Unfurnished,18,Yes,168.9
Ahmedabad,Satellite,Apartment,1,4480,Unfurnished,30,Yes,139.26
Ahmedabad,Satellite,Independent House,1,2645,Unfurnished,21,No,19.08
Surat,Vesu,Independent House,2,4439,Semi-furnished,30,No,107.09
Ahmedabad,SG Highway,Apartment,2,3295,Semi-furnished,32,Yes,154.0
Surat,Piplod,Independent House,3,736,Semi-furnished,7,Yes,129.41
Surat,Pal,Independent House,4,3112,Semi-furnished,31,No,60.79
Ahmedabad,Satellite,Apartment,1,3535,Furnished,22,No,18.62
Surat,Vesu,Apartment,2,3711,Furnished,7,Yes,31.85
Surat,Adajan,Villa,1,3499,Unfurnished,4,Yes,36.98
Surat,Piplod,Villa,3,3365,Semi-furnished,29,Yes,95.22
Ahmedabad,SG Highway,Apartment,1,1885,Semi-furnished,15,Yes,49.53
Ahmedabad,Bopal,Independent House,2,2267,Semi-furnished,28,Yes,44.7
Ahmedabad,SG Highway,Apartment,5,601,Unfurnished,24,No,64.5
Surat,Piplod,Villa,1,3720,Semi-furnished,4,No,42.12
Ahmedabad,Satellite,Villa,1,2166,Unfurnished,33,No,173.69
Ahmedabad,Gota,Apartment,2,1487,Unfurnished,7,Yes,150.49
Surat,Adajan,Independent House,4,1089,Unfurnished,23,No,91.65
Surat,Vesu,Villa,3,4487,Furnished,4,Yes,54.66
Surat,Vesu,Independent House,4,4103,Furnished,10,No,116.51
Ahmedabad,Bopal,Villa,5,3944,Semi-furnished,25,No,155.68
Ahmedabad,Gota,Villa,4,2596,Furnished,27,Yes,114.31
Surat,Pal,Villa,1,3038,Furnished,18,No,157.87
Surat,Althan,Apartment,1,1977,Semi-furnished,3,Yes,93.06
Surat,Althan,Villa,2,4494,Unfurnished,25,Yes,111.21
Surat,Piplod,Apartment,4,2622,Semi-furnished,21,No,64.91
Ahmedabad,Gota,Independent House,1,4525,Semi-furnished,6,Yes,193.7
Ahmedabad,SG Highway,Apartment,2,4761,Furnished,21,No,139.46
Surat,Piplod,Apartment,5,2490,Furnished,15,No,96.62
Surat,Adajan,Villa,3,2200,Unfurnished,31,Yes,156.39
Surat,Althan,Villa,5,2655,Unfurnished,16,Yes,176.86
Ahmedabad,Satellite,Independent House,1,3224,Furnished,8,No,160.7
Ahmedabad,SG Highway,Villa,2,4031,Furnished,8,Yes,82.37
Ahmedabad,Navrangpura,Independent House,2,1424,Furnished,30,Yes,25.03
Ahmedabad,SG Highway,Villa,1,1045,Semi-furnished,2,Yes,50.48
Ahmedabad,Gota,Independent House,2,3677,Furnished,28,No,188.36
Ahmedabad,Satellite,Apartment,2,2815,Furnished,5,No,170.5
Ahmedabad,Bopal,Apartment,2,3211,Furnished,2,No,62.84
Ahmedabad,SG Highway,Villa,2,602,Furnished,9,Yes,111.47
Surat,Vesu,Independent House,4,2789,Furnished,24,Yes,71.4
Ahmedabad,Bopal,Apartment,5,2338,Furnished,25,No,48.17
Ahmedabad,Bopal,Independent House,4,2582,Unfurnished,35,No,56.07
Surat,Adajan,Apartment,2,596,Unfurnished,6,No,96.47
Surat,Althan,Villa,3,3766,Semi-furnished,27,Yes,155.97
Surat,Althan,Apartment,1,2302,Unfurnished,33,No,105.82
Surat,Pal,Apartment,3,1276,Unfurnished,25,Yes,86.08
Ahmedabad,SG Highway,Apartment,4,3271,Semi-furnished,14,Yes,125.25
Surat,Adajan,Independent House,1,4736,Semi-furnished,26,Yes,119.05
Surat,Adajan,Apartment,1,4965,Semi-furnished,21,Yes,98.18
Ahmedabad,SG Highway,Independent House,3,3246,Unfurnished,31,Yes,100.59
Ahmedabad,Bopal,Apartment,4,2402,Unfurnished,20,Yes,174.86
Surat,Vesu,Villa,2,3595,Furnished,3,No,191.44
Surat,Pal,Independent House,1,3798,Semi-furnished,28,Yes,181.16
Ahmedabad,Gota,Villa,5,4123,Unfurnished,16,No,161.83
Surat,Piplod,Apartment,5,1928,Unfurnished,18,No,163.26
Surat,Piplod,Apartment,5,2060,Furnished,31,No,33.32
Surat,Adajan,Independent House,2,2869,Furnished,29,Yes,15.99
Ahmedabad,Satellite,Independent House,4,2370,Semi-furnished,9,Yes,172.35
Ahmedabad,Gota,Apartment,2,4923,Unfurnished,25,No,14.11
Surat,Adajan,Independent House,4,2955,Semi-furnished,14,Yes,146.46
Surat,Piplod,Villa,4,4522,Unfurnished,12,Yes,54.76
Ahmedabad,SG Highway,Villa,1,774,Unfurnished,10,No,127.79
Surat,Piplod,Independent House,5,2155,Unfurnished,6,Yes,68.32
Surat,Adajan,Independent House,4,1255,Unfurnished,24,No,84.36
Ahmedabad,Gota,Villa,1,2763,Semi-furnished,6,No,33.43
Surat,Piplod,Villa,3,1563,Unfurnished,33,No,49.75
Surat,Pal,Independent House,2,4173,Unfurnished,17,No,93.55
Surat,Vesu,Apartment,4,3244,Furnished,16,No,53.67
Surat,Vesu,Independent House,5,552,Furnished,30,Yes,129.01
Ahmedabad,Gota,Villa,1,3505,Unfurnished,16,Yes,149.06
Ahmedabad,Satellite,Apartment,5,4674,Semi-furnished,35,Yes,152.55
Surat,Adajan,Independent House,4,1842,Unfurnished,21,No,99.25
Surat,Adajan,Villa,1,2404,Semi-furnished,18,Yes,62.47
Surat,Pal,Villa,4,1794,Unfurnished,26,No,161.49
Surat,Pal,Villa,2,1932,Furnished,20,No,180.2
Surat,Althan,Apartment,3,3690,Unfurnished,21,No,193.05
Surat,Pal,Villa,4,1022,Unfurnished,17,Yes,58.11
Ahmedabad,Gota,Villa,5,1845,Furnished,11,No,34.24
Surat,Piplod,Independent House,2,2752,Unfurnished,32,No,36.15
Ahmedabad,Gota,Apartment,5,3943,Unfurnished,6,Yes,49.86
Surat,Vesu,Apartment,1,718,Furnished,5,No,106.27
Ahmedabad,Navrangpura,Apartment,3,3588,Unfurnished,3,No,20.18
Surat,Piplod,Independent House,4,4020,Semi-furnished,29,No,68.65
Surat,Piplod,Independent House,2,1239,Semi-furnished,15,No,65.88
Surat,Althan,Villa,2,1184,Semi-furnished,34,Yes,117.87
Surat,Piplod,Independent House,3,1936,Furnished,31,No,74.02
Surat,Piplod,Independent House,3,4550,Unfurnished,27,Yes,13.76
Ahmedabad,Gota,Villa,5,2992,Furnished,34,No,60.9
Surat,Adajan,Apartment,1,4229,Semi-furnished,16,Yes,83.72
Ahmedabad,Bopal,Villa,1,1203,Unfurnished,18,No,24.53
Surat,Althan,Independent House,5,1071,Unfurnished,13,No,47.51
Ahmedabad,Navrangpura,Apartment,1,2626,Semi-furnished,29,No,39.08
Ahmedabad,SG Highway,Apartment,2,4788,Furnished,20,Yes,54.0
Ahmedabad,Bopal,Independent House,3,3517,Unfurnished,32,No,99.45
Surat,Vesu,Independent House,3,4586,Unfurnished,27,Yes,85.03
Ahmedabad,Bopal,Independent House,4,4429,Unfurnished,16,Yes,82.31
Ahmedabad,SG Highway,Villa,1,3351,Furnished,18,No,11.23
Ahmedabad,Navrangpura,Apartment,5,968,Unfurnished,18,No,132.78
Surat,Althan,Villa,5,2437,Unfurnished,15,Yes,57.62
Ahmedabad,Satellite,Independent House,3,4255,Semi-furnished,29,No,196.14
Surat,Althan,Apartment,3,4137,Semi-furnished,6,No,52.59
Ahmedabad,Gota,Independent House,5,3762,Semi-furnished,28,No,80.76
Ahmedabad,Satellite,Apartment,1,2725,Furnished,21,Yes,168.76
Surat,Vesu,Apartment,2,2784,Semi-furnished,25,Yes,61.34
Surat,Althan,Independent House,2,1495,Semi-furnished,19,No,104.11
Surat,Adajan,Villa,5,2321,Unfurnished,35,No,54.76
Surat,Pal,Independent House,5,2257,Furnished,23,No,107.02
Ahmedabad,SG Highway,Apartment,1,2799,Furnished,30,Yes,160.39
Ahmedabad,Gota,Apartment,5,726,Semi-furnished,35,Yes,15.09
Surat,Vesu,Villa,5,1479,Furnished,22,Yes,165.47
Ahmedabad,Navrangpura,Apartment,4,3956,Unfurnished,30,Yes,26.1
Surat,Adajan,Apartment,5,2008,Unfurnished,14,No,139.56
Surat,Adajan,Villa,2,1322,Furnished,8,Yes,101.13
Surat,Althan,Villa,4,3400,Unfurnished,8,No,78.93
Ahmedabad,SG Highway,Villa,2,2273,Unfurnished,3,No,136.33
Surat,Piplod,Independent House,5,4799,Furnished,11,No,168.15
Ahmedabad,Navrangpura,Villa,3,612,Furnished,5,Yes,90.73
Ahmedabad,Navrangpura,Villa,4,653,Semi-furnished,29,Yes,160.67
Surat,Pal,Villa,2,3015,Furnished,6,Yes,89.31
Ahmedabad,Satellite,Apartment,5,3646,Furnished,21,Yes,85.15
Ahmedabad,Navrangpura,Apartment,4,1392,Furnished,11,No,12.78
Surat,Piplod,Independent House,3,4221,Furnished,9,Yes,12.49
Surat,Pal,Independent House,4,1277,Furnished,2,No,20.66
Ahmedabad,Bopal,Villa,1,3296,Semi-furnished,18,No,157.62
Ahmedabad,Navrangpura,Independent House,2,3032,Furnished,3,Yes,71.67
Surat,Adajan,Villa,1,4624,Semi-furnished,32,Yes,106.15
Ahmedabad,Navrangpura,Apartment,5,550,Unfurnished,34,Yes,147.89
Surat,Vesu,Apartment,4,2686,Furnished,22,No,169.15
Surat,Althan,Independent House,5,4473,Semi-furnished,31,Yes,66.91
Ahmedabad,Navrangpura,Apartment,5,2691,Semi-furnished,34,No,36.84
Ahmedabad,SG Highway,Apartment,4,693,Semi-furnished,12,No,32.62
Ahmedabad,Navrangpura,Apartment,4,3820,Semi-furnished,24,No,107.64
Ahmedabad,Gota,Villa,5,4488,Semi-furnished,2,No,119.88
Surat,Althan,Independent House,1,4475,Unfurnished,35,No,151.78
Surat,Vesu,Apartment,2,944,Furnished,9,Yes,53.92
Surat,Pal,Independent House,5,4205,Semi-furnished,20,Yes,114.23
Surat,Pal,Independent House,5,4970,Semi-furnished,26,No,193.63
Ahmedabad,Bopal,Apartment,1,2700,Unfurnished,30,Yes,67.62
Surat,Althan,Apartment,5,2150,Unfurnished,8,Yes,159.08
Ahmedabad,Gota,Villa,5,1987,Semi-furnished,35,No,66.33
Ahmedabad,SG Highway,Villa,2,2402,Furnished,6,No,161.97
Surat,Adajan,Independent House,3,856,Furnished,10,No,33.95
Surat,Althan,Independent House,2,4787,Unfurnished,32,Yes,113.61
Ahmedabad,SG Highway,Independent House,5,752,Semi-furnished,13,Yes,176.75
Surat,Althan,Independent House,1,3415,Semi-furnished,35,Yes,116.73
Ahmedabad,Navrangpura,Apartment,4,4785,Semi-furnished,16,No,72.56
Ahmedabad,SG Highway,Villa,3,4271,Furnished,7,Yes,101.85
Ahmedabad,Gota,Villa,1,2449,Furnished,30,No,177.3
Surat,Vesu,Apartment,2,4343,Semi-furnished,33,Yes,154.9
Surat,Althan,Apartment,3,1832,Unfurnished,19,No,156.31
Ahmedabad,Navrangpura,Apartment,2,4460,Furnished,34,Yes,186.91
Ahmedabad,Gota,Independent House,5,2444,Semi-furnished,14,No,155.8
Surat,Adajan,Apartment,2,2114,Furnished,23,Yes,57.24
Ahmedabad,Navrangpura,Independent House,1,3372,Semi-furnished,31,Yes,188.14
Surat,Vesu,Villa,5,4198,Furnished,32,No,52.55
Surat,Adajan,Villa,4,2423,Unfurnished,29,Yes,80.61
Ahmedabad,Satellite,Independent House,3,3736,Unfurnished,3,No,72.33
Surat,Adajan,Independent House,1,2910,Semi-furnished,9,No,128.92
Surat,Vesu,Independent House,2,1265,Furnished,10,Yes,20.46
Ahmedabad,SG Highway,Villa,2,654,Unfurnished,23,Yes,149.1
Ahmedabad,Navrangpura,Villa,1,1024,Unfurnished,5,Yes,98.89
Ahmedabad,SG Highway,Villa,3,2610,Furnished,13,Yes,100.59
Surat,Pal,Apartment,5,911,Semi-furnished,23,Yes,40.85
Surat,Piplod,Villa,2,4606,Unfurnished,24,Yes,177.44
Surat,Adajan,Independent House,4,3573,Semi-furnished,19,No,91.12
Ahmedabad,Gota,Villa,1,2645,Unfurnished,30,Yes,192.55
Ahmedabad,SG Highway,Apartment,1,1665,Furnished,31,Yes,195.66
Ahmedabad,Gota,Independent House,4,2182,Unfurnished,2,Yes,56.42
Surat,Pal,Independent House,3,3430,Semi-furnished,31,No,31.02
Ahmedabad,Bopal,Independent House,3,2339,Unfurnished,23,Yes,124.5
Ahmedabad,Satellite,Villa,3,2144,Unfurnished,25,Yes,61.79
Ahmedabad,Navrangpura,Independent House,3,746,Unfurnished,27,No,27.3
Ahmedabad,Bopal,Apartment,1,2164,Semi-furnished,31,No,90.74
Ahmedabad,Satellite,Villa,5,1485,Semi-furnished,19,No,67.28
Ahmedabad,Gota,Apartment,5,1872,Furnished,8,No,169.46
Surat,Adajan,Apartment,4,1893,Unfurnished,6,Yes,51.32
Surat,Althan,Independent House,5,4122,Unfurnished,22,Yes,145.1
Ahmedabad,Navrangpura,Villa,3,3243,Unfurnished,23,No,146.05
Ahmedabad,Gota,Apartment,3,3442,Semi-furnished,24,No,12.77
Ahmedabad,Satellite,Villa,1,2886,Furnished,14,Yes,32.57
Surat,Adajan,Villa,5,1838,Furnished,6,No,48.88
Surat,Pal,Apartment,4,2812,Unfurnished,15,No,185.73
Ahmedabad,Gota,Independent House,5,4473,Unfurnished,27,No,95.24
Surat,Pal,Apartment,3,1532,Furnished,16,Yes,132.02
Ahmedabad,Gota,Villa,3,3879,Semi-furnished,13,Yes,101.44
Surat,Althan,Independent House,4,2574,Furnished,20,No,176.83
Ahmedabad,SG Highway,Independent House,4,4869,Furnished,21,Yes,58.89
Ahmedabad,Gota,Apartment,1,3462,Semi-furnished,34,Yes,142.07
Ahmedabad,Bopal,Villa,4,3984,Furnished,33,No,171.09
Surat,Adajan,Villa,3,1821,Semi-furnished,34,Yes,71.27
Ahmedabad,Gota,Independent House,4,1937,Unfurnished,35,No,132.72
Ahmedabad,Satellite,Villa,2,611,Semi-furnished,9,Yes,134.05
Ahmedabad,Navrangpura,Apartment,2,1286,Semi-furnished,3,Yes,65.28
Ahmedabad,Navrangpura,Independent House,2,4739,Unfurnished,21,Yes,11.49
Surat,Althan,Villa,4,4636,Unfurnished,32,Yes,40.77
Ahmedabad,Gota,Apartment,2,1522,Semi-furnished,12,No,90.34
Surat,Vesu,Apartment,2,4950,Unfurnished,27,Yes,59.2
Ahmedabad,Gota,Apartment,5,2856,Semi-furnished,16,Yes,44.79
Surat,Adajan,Villa,2,2728,Semi-furnished,23,No,160.46
Surat,Vesu,Villa,5,4272,Unfurnished,25,No,171.12
Surat,Vesu,Independent House,3,807,Semi-furnished,33,No,37.1
Surat,Althan,Independent House,1,2146,Furnished,13,No,13.54
Surat,Piplod,Apartment,3,3135,Semi-furnished,17,Yes,139.58
Ahmedabad,Satellite,Villa,1,4223,Furnished,9,No,124.52
Surat,Pal,Independent House,3,3618,Unfurnished,24,No,45.84
Surat,Althan,Apartment,1,897,Semi-furnished,33,No,78.03
Ahmedabad,SG Highway,Villa,5,3475,Furnished,7,Yes,49.86
Ahmedabad,SG Highway,Villa,5,530,Semi-furnished,22,Yes,153.89
Surat,Vesu,Villa,2,2430,Furnished,12,Yes,57.34
Ahmedabad,Gota,Apartment,3,2894,Unfurnished,28,No,30.97
Ahmedabad,Gota,Villa,2,3002,Semi-furnished,17,No,104.51
Ahmedabad,Gota,Independent House,3,4633,Semi-furnished,13,No,34.83
Surat,Piplod,Apartment,4,1062,Unfurnished,4,No,42.54
Ahmedabad,Satellite,Independent House,1,4144,Furnished,24,Yes,86.36
Ahmedabad,SG Highway,Independent House,5,1075,Furnished,30,Yes,100.49
Surat,Piplod,Villa,2,2129,Semi-furnished,10,Yes,49.05
Surat,Piplod,Villa,4,1752,Semi-furnished,2,No,195.1
Surat,Vesu,Independent House,5,1468,Furnished,34,No,197.4
Surat,Vesu,Villa,4,1918,Semi-furnished,3,Yes,177.99
Surat,Vesu,Independent House,1,1700,Semi-furnished,2,Yes,75.87
Surat,Piplod,Apartment,4,2094,Unfurnished,14,Yes,157.01
Ahmedabad,Bopal,Independent House,2,4495,Semi-furnished,5,Yes,91.61
Ahmedabad,Bopal,Apartment,3,3912,Semi-furnished,33,No,29.08
Ahmedabad,Bopal,Independent House,5,1421,Semi-furnished,21,Yes,65.67
Surat,Vesu,Villa,4,4077,Furnished,27,No,176.37
Surat,Adajan,Villa,1,2998,Furnished,28,No,12.57
Surat,Piplod,Villa,5,2759,Furnished,6,Yes,147.45
Ahmedabad,Satellite,Independent House,5,3323,Furnished,26,Yes,36.45
Surat,Vesu,Apartment,2,3182,Semi-furnished,21,No,22.8
Ahmedabad,SG Highway,Independent House,5,1997,Furnished,8,Yes,92.66
Ahmedabad,Navrangpura,Independent House,4,4149,Unfurnished,6,No,116.93
Ahmedabad,Satellite,Independent House,4,2160,Furnished,20,Yes,42.67
Surat,Piplod,Villa,5,1623,Unfurnished,32,No,42.64
Surat,Adajan,Villa,4,3439,Unfurnished,22,Yes,146.01
Surat,Pal,Independent House,4,3097,Furnished,2,Yes,137.04
Surat,Pal,Independent House,2,4475,Semi-furnished,35,Yes,171.39
Ahmedabad,Bopal,Villa,4,2697,Semi-furnished,32,Yes,193.51
Ahmedabad,Satellite,Independent House,3,3822,Furnished,6,Yes,161.73
Ahmedabad,SG Highway,Apartment,1,1324,Furnished,2,Yes,194.47
Ahmedabad,Navrangpura,Villa,2,2972,Semi-furnished,32,Yes,108.47
Ahmedabad,Gota,Villa,1,3250,Unfurnished,26,Yes,187.87
Surat,Pal,Villa,3,1779,Unfurnished,20,No,58.28
Ahmedabad,Navrangpura,Independent House,4,1361,Unfurnished,15,No,20.5
Ahmedabad,Gota,Apartment,2,2006,Furnished,24,Yes,136.82
Ahmedabad,Navrangpura,Villa,2,4013,Unfurnished,30,No,150.73
Surat,Piplod,Independent House,1,3017,Furnished,12,Yes,79.52
Ahmedabad,Satellite,Villa,3,2827,Furnished,2,No,163.07
Surat,Adajan,Independent House,4,2268,Unfurnished,29,No,174.99
Ahmedabad,Gota,Apartment,2,2774,Semi-furnished,31,No,56.31
Surat,Adajan,Villa,3,4655,Semi-furnished,17,Yes,116.22
Surat,Piplod,Villa,2,898,Semi-furnished,3,No,149.05
Ahmedabad,Satellite,Independent House,2,2869,Unfurnished,31,No,139.73
Surat,Vesu,Independent House,2,3544,Furnished,11,Yes,17.8
Surat,Piplod,Apartment,3,1813,Semi-furnished,35,Yes,47.58
Surat,Vesu,Independent House,2,2917,Furnished,6,No,87.76
Ahmedabad,Gota,Independent House,4,1740,Furnished,24,Yes,44.08
Ahmedabad,Satellite,Villa,2,1900,Furnished,24,No,171.91
Ahmedabad,Bopal,Apartment,1,2236,Semi-furnished,25,Yes,110.07
Surat,Piplod,Independent House,5,3038,Furnished,13,No,68.13
Ahmedabad,Gota,Villa,3,1549,Furnished,33,No,164.38
Ahmedabad,Bopal,Apartment,5,2202,Semi-furnished,15,Yes,189.62
Ahmedabad,SG Highway,Apartment,4,4893,Furnished,35,Yes,112.22
Ahmedabad,Satellite,Villa,2,4378,Semi-furnished,25,Yes,20.43
Surat,Vesu,Independent House,1,4541,Unfurnished,31,No,178.13
Surat,Pal,Villa,4,2156,Furnished,24,Yes,110.6
Surat,Piplod,Independent House,5,3271,Semi-furnished,14,Yes,114.67
Ahmedabad,SG Highway,Apartment,3,4933,Semi-furnished,22,Yes,178.35
Ahmedabad,Gota,Independent House,1,2843,Semi-furnished,13,No,139.95
Ahmedabad,Satellite,Apartment,1,4156,Semi-furnished,11,No,113.16
Surat,Adajan,Independent House,5,4586,Furnished,15,No,44.13
Surat,Althan,Apartment,1,3264,Furnished,32,No,63.95
Ahmedabad,Gota,Villa,2,3353,Semi-furnished,25,No,51.73
Ahmedabad,SG Highway,Villa,1,3283,Semi-furnished,6,Yes,71.95
Ahmedabad,Navrangpura,Villa,2,4196,Furnished,33,Yes,74.78
Ahmedabad,Gota,Apartment,1,4496,Unfurnished,21,Yes,43.91
Ahmedabad,Satellite,Apartment,2,2486,Semi-furnished,11,Yes,109.42
Surat,Althan,Villa,4,1051,Semi-furnished,13,Yes,75.81
Ahmedabad,Gota,Villa,3,4438,Unfurnished,14,No,148.87
Surat,Vesu,Independent House,1,3689,Semi-furnished,13,No,58.22
Surat,Althan,Villa,1,1469,Furnished,3,Yes,119.31
Ahmedabad,Satellite,Independent House,2,1811,Semi-furnished,28,No,165.24
Ahmedabad,Gota,Apartment,3,2808,Furnished,27,No,140.85
Ahmedabad,Gota,Apartment,1,1003,Unfurnished,29,Yes,58.66
Surat,Vesu,Independent House,4,4560,Semi-furnished,9,No,167.81
Ahmedabad,Gota,Apartment,5,2171,Semi-furnished,12,Yes,11.3
Surat,Piplod,Apartment,1,2902,Semi-furnished,17,Yes,153.41
Surat,Piplod,Independent House,5,4040,Unfurnished,7,No,162.07
Surat,Piplod,Apartment,3,1928,Unfurnished,21,No,74.61
Ahmedabad,Navrangpura,Villa,1,1692,Unfurnished,6,No,182.49
Ahmedabad,Navrangpura,Apartment,3,4200,Semi-furnished,14,No,44.36
Ahmedabad,Navrangpura,Villa,3,717,Furnished,19,No,45.8
Ahmedabad,Gota,Apartment,5,4886,Semi-furnished,18,Yes,98.48
Surat,Vesu,Independent House,5,2443,Furnished,27,No,195.13
Surat,Althan,Apartment,1,4262,Furnished,8,Yes,124.4
Ahmedabad,Satellite,Apartment,4,4033,Furnished,22,Yes,192.65
Ahmedabad,Satellite,Villa,4,1211,Unfurnished,16,No,65.29
Surat,Piplod,Independent House,2,1242,Furnished,24,No,12.23
Surat,Pal,Independent House,3,3998,Furnished,9,Yes,50.95
Surat,Adajan,Independent House,1,4534,Semi-furnished,17,Yes,179.94
Ahmedabad,Navrangpura,Villa,2,4775,Unfurnished,19,Yes,35.92
Surat,Althan,Apartment,1,4477,Furnished,3,Yes,34.22
Ahmedabad,Navrangpura,Apartment,2,4390,Semi-furnished,30,No,106.75
Ahmedabad,SG Highway,Villa,2,1440,Furnished,9,No,59.15
Ahmedabad,Bopal,Villa,4,2609,Furnished,13,No,49.57
Surat,Vesu,Independent House,5,2228,Furnished,21,No,169.49
Ahmedabad,SG Highway,Villa,1,4826,Furnished,13,Yes,22.15
Surat,Adajan,Independent House,1,1770,Unfurnished,19,No,62.15
Ahmedabad,SG Highway,Villa,2,534,Semi-furnished,23,No,21.21
Ahmedabad,Bopal,Apartment,3,3677,Furnished,31,No,48.2
Surat,Piplod,Independent House,5,1533,Semi-furnished,34,No,76.86
Surat,Althan,Villa,1,2918,Furnished,10,No,107.54
Ahmedabad,Gota,Independent House,4,4378,Unfurnished,34,No,101.14
Surat,Piplod,Independent House,1,4174,Unfurnished,17,Yes,28.25
Surat,Adajan,Independent House,2,4771,Furnished,34,No,26.69
Ahmedabad,Satellite,Independent House,5,3368,Semi-furnished,18,No,168.02
Surat,Pal,Villa,1,4789,Semi-furnished,3,Yes,199.02
Ahmedabad,Navrangpura,Apartment,2,4263,Furnished,12,No,100.41
Ahmedabad,Satellite,Apartment,2,4856,Semi-furnished,33,Yes,125.47
Ahmedabad,SG Highway,Independent House,5,3381,Furnished,3,No,116.29
Surat,Vesu,Villa,5,975,Semi-furnished,28,Yes,116.84
Ahmedabad,Gota,Villa,3,4003,Unfurnished,30,Yes,81.44
Ahmedabad,Navrangpura,Independent House,2,1521,Unfurnished,25,Yes,13.98
Ahmedabad,Navrangpura,Apartment,1,4815,Unfurnished,28,Yes,134.8
Surat,Pal,Independent House,5,2987,Semi-furnished,22,Yes,29.35
Surat,Piplod,Apartment,2,972,Semi-furnished,7,No,44.25
Ahmedabad,Satellite,Independent House,3,4950,Furnished,26,No,127.63
Surat,Adajan,Independent House,1,937,Unfurnished,6,No,179.2
Ahmedabad,Satellite,Villa,2,2373,Furnished,19,Yes,30.67
Surat,Althan,Independent House,1,4697,Unfurnished,7,Yes,38.52
Ahmedabad,Bopal,Independent House,3,4643,Semi-furnished,4,No,28.74
Ahmedabad,SG Highway,Independent House,5,4444,Semi-furnished,31,Yes,163.47
Ahmedabad,Satellite,Apartment,5,4595,Furnished,15,Yes,95.74
Surat,Pal,Villa,4,1234,Semi-furnished,28,Yes,114.14
Surat,Vesu,Independent House,5,533,Furnished,14,Yes,154.07
Ahmedabad,Navrangpura,Apartment,2,543,Unfurnished,35,No,120.95
Ahmedabad,Bopal,Villa,4,2504,Furnished,35,No,116.84
Ahmedabad,Bopal,Villa,5,4386,Furnished,6,No,37.53
Surat,Pal,Independent House,4,3887,Unfurnished,19,Yes,84.89
Surat,Piplod,Villa,4,1622,Semi-furnished,33,No,104.77
Ahmedabad,Bopal,Apartment,4,4401,Semi-furnished,4,Yes,29.32
Ahmedabad,SG Highway,Apartment,5,4896,Semi-furnished,3,Yes,167.26
Ahmedabad,SG Highway,Independent House,4,2469,Furnished,14,No,108.35
Ahmedabad,Bopal,Villa,2,916,Furnished,11,Yes,32.56
Surat,Adajan,Independent House,2,3655,Unfurnished,28,No,97.29
Ahmedabad,Gota,Apartment,5,1356,Unfurnished,4,Yes,188.11
Ahmedabad,Gota,Apartment,4,3925,Unfurnished,25,No,170.46
Ahmedabad,Gota,Independent House,4,1878,Unfurnished,31,Yes,70.66
Surat,Adajan,Apartment,4,3704,Furnished,11,No,58.59
Ahmedabad,Bopal,Villa,4,4857,Furnished,16,No,140.07
Surat,Althan,Independent House,3,4310,Furnished,20,Yes,117.15
Surat,Piplod,Villa,4,3042,Semi-furnished,11,Yes,69.04
Ahmedabad,SG Highway,Independent House,4,2840,Semi-furnished,29,Yes,129.53
Surat,Piplod,Villa,3,835,Furnished,16,Yes,180.04
Ahmedabad,Bopal,Apartment,4,4244,Unfurnished,6,Yes,70.01
Ahmedabad,SG Highway,Independent House,4,999,Semi-furnished,2,Yes,28.93
Surat,Piplod,Independent House,3,1227,Semi-furnished,21,Yes,19.28
Surat,Vesu,Independent House,1,525,Unfurnished,17,No,143.79
Ahmedabad,Navrangpura,Apartment,2,2925,Furnished,25,No,187.88
Surat,Vesu,Villa,3,4582,Semi-furnished,32,Yes,144.54
Surat,Adajan,Independent House,2,1050,Semi-furnished,21,No,113.09
Ahmedabad,Gota,Villa,1,4246,Semi-furnished,17,Yes,102.47
Ahmedabad,Gota,Apartment,2,3363,Semi-furnished,22,Yes,184.1
Surat,Althan,Apartment,3,1091,Furnished,7,No,140.94
Ahmedabad,SG Highway,Apartment,3,2260,Semi-furnished,14,No,190.14
Ahmedabad,Gota,Villa,5,4626,Unfurnished,18,Yes,186.72
Ahmedabad,SG Highway,Villa,1,4845,Semi-furnished,2,No,42.72
Ahmedabad,SG Highway,Apartment,1,692,Semi-furnished,33,No,111.34
Surat,Adajan,Independent House,2,4751,Furnished,34,Yes,165.67
Surat,Althan,Villa,5,1647,Unfurnished,22,Yes,44.67
Ahmedabad,SG Highway,Independent House,4,2963,Semi-furnished,10,No,55.09
Ahmedabad,SG Highway,Villa,5,4251,Unfurnished,27,No,27.12
Surat,Piplod,Villa,1,1768,Furnished,30,Yes,62.52
Surat,Vesu,Independent House,2,2506,Unfurnished,17,No,143.46
Ahmedabad,Gota,Independent House,5,2914,Semi-furnished,32,No,34.62
Ahmedabad,Navrangpura,Apartment,4,4851,Furnished,7,No,197.48
Ahmedabad,Satellite,Apartment,5,2174,Unfurnished,21,Yes,18.74
Ahmedabad,SG Highway,Independent House,2,3716,Semi-furnished,20,Yes,24.83
Ahmedabad,SG Highway,Villa,2,3693,Semi-furnished,16,No,92.67
Surat,Adajan,Apartment,1,3220,Semi-furnished,13,Yes,85.09
Ahmedabad,Gota,Apartment,3,2969,Unfurnished,21,Yes,128.65
Surat,Vesu,Villa,4,4775,Furnished,24,Yes,196.57
Ahmedabad,Bopal,Independent House,1,4610,Semi-furnished,31,Yes,165.36
Surat,Vesu,Villa,3,3580,Unfurnished,10,Yes,179.65
Surat,Adajan,Apartment,1,2736,Semi-furnished,12,No,166.74
Surat,Vesu,Independent House,5,1287,Semi-furnished,19,Yes,186.85
Ahmedabad,Navrangpura,Villa,3,3363,Furnished,8,No,187.45
Ahmedabad,Bopal,Villa,4,1204,Unfurnished,21,No,135.71
Ahmedabad,Navrangpura,Independent House,1,2789,Semi-furnished,26,Yes,169.33
Ahmedabad,Navrangpura,Villa,1,661,Semi-furnished,19,No,114.76
Surat,Pal,Independent House,4,1459,Unfurnished,27,Yes,109.45
Surat,Adajan,Apartment,1,3575,Semi-furnished,29,Yes,55.65
Ahmedabad,Navrangpura,Apartment,5,3414,Semi-furnished,6,Yes,33.88
Surat,Adajan,Villa,3,2742,Furnished,7,No,184.95
Ahmedabad,Gota,Apartment,3,557,Furnished,24,Yes,80.1
Surat,Althan,Apartment,2,2553,Semi-furnished,23,No,139.81
Ahmedabad,Bopal,Independent House,2,3987,Semi-furnished,13,No,103.36
Surat,Vesu,Villa,3,1430,Semi-furnished,15,No,87.51
Surat,Adajan,Independent House,2,1930,Unfurnished,25,No,189.85
Ahmedabad,Satellite,Villa,1,4085,Unfurnished,3,No,122.49
Surat,Vesu,Independent House,2,4979,Furnished,7,No,192.08
Surat,Althan,Independent House,3,2297,Semi-furnished,18,No,131.82
Surat,Piplod,Independent House,1,4594,Semi-furnished,5,Yes,26.34
Ahmedabad,Bopal,Villa,2,4060,Furnished,33,No,151.7
Ahmedabad,Bopal,Independent House,4,661,Unfurnished,35,No,81.81
Ahmedabad,Bopal,Villa,2,1762,Semi-furnished,25,No,157.06
Ahmedabad,Bopal,Villa,2,4916,Semi-furnished,8,No,109.55
Surat,Piplod,Villa,2,4066,Semi-furnished,12,No,139.24
Ahmedabad,SG Highway,Independent House,5,2322,Unfurnished,23,Yes,124.39
Ahmedabad,Navrangpura,Independent House,5,3005,Furnished,31,No,83.57
Ahmedabad,Navrangpura,Apartment,2,2873,Unfurnished,17,Yes,144.32
Ahmedabad,Navrangpura,Independent House,4,3388,Unfurnished,32,Yes,184.45
Surat,Adajan,Apartment,2,2063,Furnished,4,Yes,52.61
Surat,Pal,Independent House,2,2764,Furnished,2,No,181.35
Ahmedabad,Bopal,Villa,1,1527,Semi-furnished,21,No,143.05
Ahmedabad,Navrangpura,Villa,4,3042,Semi-furnished,24,No,10.15
Surat,Vesu,Villa,1,1158,Semi-furnished,12,No,186.95
Ahmedabad,Bopal,Independent House,2,3291,Furnished,13,No,104.85
Ahmedabad,SG Highway,Independent House,5,3247,Semi-furnished,23,Yes,90.03
Ahmedabad,Bopal,Apartment,5,1745,Unfurnished,15,Yes,140.59
Ahmedabad,Satellite,Villa,1,943,Unfurnished,27,Yes,176.47
Surat,Vesu,Villa,3,2722,Semi-furnished,29,Yes,184.78
Surat,Althan,Independent House,5,1211,Furnished,27,Yes,44.63
Ahmedabad,Satellite,Villa,5,4742,Furnished,14,Yes,26.95
Ahmedabad,Satellite,Villa,5,3902,Semi-furnished,29,No,136.51
Ahmedabad,Navrangpura,Apartment,5,3080,Semi-furnished,9,Yes,184.17
Ahmedabad,Navrangpura,Independent House,4,3131,Semi-furnished,18,No,48.46
Ahmedabad,SG Highway,Villa,5,3823,Furnished,33,Yes,65.34
Ahmedabad,Bopal,Apartment,2,3887,Semi-furnished,33,No,197.87
Ahmedabad,SG Highway,Independent House,5,2557,Semi-furnished,22,No,180.93
Surat,Vesu,Apartment,3,1442,Unfurnished,13,Yes,145.94
Surat,Althan,Apartment,3,1660,Unfurnished,21,No,171.75
Ahmedabad,Satellite,Independent House,3,2266,Unfurnished,9,Yes,139.5
Surat,Adajan,Independent House,1,1699,Semi-furnished,25,Yes,102.29
Ahmedabad,Bopal,Independent House,2,1014,Semi-furnished,3,Yes,164.05
Ahmedabad,SG Highway,Villa,4,3712,Semi-furnished,30,Yes,14.73
Ahmedabad,Satellite,Apartment,1,2381,Furnished,11,No,25.33
Ahmedabad,Satellite,Apartment,5,2927,Semi-furnished,34,No,36.5
Surat,Pal,Villa,4,1770,Semi-furnished,3,Yes,88.16
Ahmedabad,SG Highway,Apartment,5,4182,Semi-furnished,6,Yes,126.65
Ahmedabad,Satellite,Apartment,4,4429,Unfurnished,15,No,157.36
Surat,Vesu,Villa,4,2717,Furnished,4,Yes,179.76
Ahmedabad,Navrangpura,Apartment,1,4240,Semi-furnished,34,No,152.25
Ahmedabad,Gota,Villa,2,584,Furnished,9,No,186.25
Ahmedabad,Navrangpura,Apartment,1,986,Furnished,17,Yes,113.02
Surat,Piplod,Apartment,4,942,Semi-furnished,14,No,151.34
Ahmedabad,Gota,Apartment,3,3999,Furnished,12,No,63.2
Surat,Adajan,Apartment,4,2854,Unfurnished,24,No,92.97
Ahmedabad,SG Highway,Independent House,4,2847,Semi-furnished,30,No,29.75
Ahmedabad,Gota,Villa,2,631,Semi-furnished,9,No,111.9
Surat,Adajan,Apartment,3,4131,Unfurnished,35,No,124.42
Surat,Pal,Apartment,3,3008,Semi-furnished,22,No,16.72
Ahmedabad,Satellite,Villa,4,3894,Furnished,29,No,63.58
Surat,Pal,Apartment,3,2479,Furnished,23,No,57.1
Surat,Vesu,Independent House,3,4908,Unfurnished,8,Yes,104.07
Ahmedabad,SG Highway,Villa,3,1888,Unfurnished,20,No,70.19
Surat,Vesu,Independent House,5,1065,Semi-furnished,24,Yes,125.71
Surat,Vesu,Apartment,2,4810,Unfurnished,27,No,55.8
Surat,Pal,Villa,2,4369,Semi-furnished,12,Yes,62.67
Surat,Vesu,Apartment,4,2668,Semi-furnished,28,No,146.43
Surat,Piplod,Independent House,5,4425,Semi-furnished,25,No,198.18
Ahmedabad,Gota,Villa,3,4054,Semi-furnished,33,Yes,94.42
Ahmedabad,Navrangpura,Villa,3,737,Unfurnished,24,No,102.47
Surat,Althan,Villa,1,1395,Furnished,13,Yes,14.6
Surat,Piplod,Independent House,5,3302,Unfurnished,11,No,44.2
Ahmedabad,Navrangpura,Independent House,5,1632,Semi-furnished,26,Yes,187.49
Ahmedabad,Gota,Villa,5,2669,Semi-furnished,30,Yes,25.95
Surat,Pal,Independent House,4,1642,Furnished,23,Yes,94.8
Ahmedabad,Gota,Independent House,1,3299,Furnished,21,Yes,58.97
Surat,Vesu,Villa,4,904,Furnished,15,Yes,153.31
Surat,Pal,Independent House,2,4563,Furnished,8,No,148.44
Ahmedabad,Satellite,Apartment,1,1622,Furnished,5,Yes,26.92
Surat,Althan,Villa,4,1064,Furnished,4,No,136.84
Ahmedabad,SG Highway,Villa,5,2386,Semi-furnished,25,No,27.77
Surat,Althan,Independent House,1,847,Furnished,20,Yes,77.82
Surat,Piplod,Independent House,3,1553,Semi-furnished,9,Yes,43.01
Surat,Adajan,Apartment,3,2618,Unfurnished,11,Yes,13.05
Ahmedabad,Bopal,Independent House,2,1774,Unfurnished,16,No,49.57
Surat,Vesu,Independent House,3,1794,Furnished,19,No,56.72
Surat,Vesu,Villa,5,2671,Semi-furnished,14,No,96.53
Ahmedabad,Navrangpura,Independent House,1,943,Semi-furnished,18,Yes,35.7
Surat,Vesu,Villa,3,1919,Semi-furnished,6,No,158.42
Surat,Pal,Apartment,1,1314,Semi-furnished,19,No,195.4
Surat,Piplod,Villa,3,2146,Unfurnished,9,No,149.24
Ahmedabad,Navrangpura,Independent House,2,4320,Unfurnished,24,Yes,80.35
Ahmedabad,Satellite,Villa,3,4671,Unfurnished,33,No,36.58
Ahmedabad,Satellite,Apartment,5,3753,Semi-furnished,31,No,130.52
Surat,Pal,Villa,5,4170,Furnished,13,Yes,138.77
Ahmedabad,SG Highway,Apartment,4,3958,Unfurnished,32,Yes,127.05
Surat,Piplod,Independent House,1,1843,Unfurnished,13,Yes,157.36
Ahmedabad,SG Highway,Villa,4,2820,Furnished,34,Yes,74.33
Surat,Pal,Villa,3,4990,Semi-furnished,31,No,153.26
Surat,Pal,Independent House,3,2182,Unfurnished,34,Yes,23.67
Ahmedabad,Navrangpura,Villa,5,2399,Semi-furnished,30,No,126.16
Ahmedabad,SG Highway,Apartment,5,1620,Unfurnished,32,No,60.8
Ahmedabad,Satellite,Independent House,2,2190,Unfurnished,7,Yes,100.08
Ahmedabad,Gota,Apartment,3,720,Semi-furnished,15,No,149.65
Ahmedabad,Gota,Apartment,2,2555,Furnished,18,No,168.5
Ahmedabad,SG Highway,Villa,2,4273,Semi-furnished,26,No,20.23
Ahmedabad,Satellite,Independent House,2,3959,Semi-furnished,20,No,45.81
Ahmedabad,Gota,Villa,1,1368,Semi-furnished,9,Yes,169.97
Surat,Pal,Apartment,3,1502,Unfurnished,16,Yes,56.08
Surat,Althan,Villa,4,3870,Unfurnished,5,No,160.8
Ahmedabad,Navrangpura,Independent House,5,3445,Furnished,27,Yes,109.65
Ahmedabad,Satellite,Villa,4,1049,Furnished,32,No,20.87
Ahmedabad,Bopal,Apartment,2,4079,Semi-furnished,5,Yes,128.3
Ahmedabad,Gota,Independent House,4,4146,Unfurnished,28,Yes,194.95
Ahmedabad,Bopal,Apartment,4,2845,Unfurnished,30,Yes,27.0
Ahmedabad,Satellite,Villa,4,3689,Unfurnished,29,No,106.67
Surat,Pal,Villa,4,1818,Furnished,18,Yes,118.22
Ahmedabad,Gota,Apartment,2,3846,Unfurnished,22,No,43.38
Surat,Althan,Villa,5,1322,Semi-furnished,34,Yes,153.0
Ahmedabad,Navrangpura,Villa,4,1047,Unfurnished,6,Yes,177.58
Surat,Piplod,Villa,3,4573,Furnished,19,No,146.69
Ahmedabad,Navrangpura,Apartment,1,2948,Furnished,12,No,140.11
Surat,Piplod,Apartment,2,4304,Furnished,32,No,185.28
Surat,Piplod,Independent House,1,4036,Unfurnished,26,Yes,179.98
Ahmedabad,Gota,Independent House,5,3587,Semi-furnished,34,No,197.51
Surat,Althan,Villa,1,2687,Furnished,17,Yes,51.28
Surat,Adajan,Independent House,4,1710,Semi-furnished,25,Yes,76.15
Ahmedabad,Gota,Independent House,1,2149,Furnished,26,No,181.06
Surat,Vesu,Villa,5,4629,Unfurnished,6,No,187.13
Surat,Althan,Independent House,3,2905,Semi-furnished,26,No,174.45
Ahmedabad,Gota,Apartment,1,4316,Furnished,33,No,79.01
Ahmedabad,Navrangpura,Villa,5,3743,Unfurnished,32,No,193.25
Ahmedabad,SG Highway,Independent House,5,4967,Semi-furnished,31,No,64.79
Surat,Pal,Apartment,3,515,Furnished,17,Yes,140.23
Ahmedabad,SG Highway,Villa,3,2391,Furnished,13,Yes,17.53
Surat,Adajan,Independent House,1,2163,Semi-furnished,21,No,126.82
Surat,Pal,Apartment,3,1871,Semi-furnished,29,No,82.44
Ahmedabad,Gota,Villa,2,1000,Unfurnished,27,Yes,45.45
Ahmedabad,Bopal,Apartment,2,2926,Semi-furnished,34,No,45.2
Ahmedabad,SG Highway,Independent House,4,1524,Semi-furnished,14,Yes,169.53
Surat,Althan,Apartment,2,3763,Furnished,22,No,76.71
Ahmedabad,SG Highway,Apartment,2,2329,Semi-furnished,3,No,24.9
Ahmedabad,Navrangpura,Apartment,5,4005,Unfurnished,19,Yes,103.05
Ahmedabad,Navrangpura,Independent House,4,4000,Unfurnished,24,No,141.14
Ahmedabad,SG Highway,Independent House,2,2237,Unfurnished,7,Yes,112.93
Surat,Adajan,Apartment,4,855,Unfurnished,34,No,91.3
Surat,Althan,Apartment,5,1422,Unfurnished,10,No,135.1
Surat,Vesu,Independent House,4,4078,Furnished,33,No,31.29
Ahmedabad,SG Highway,Independent House,1,884,Furnished,30,No,51.01
Ahmedabad,Bopal,Villa,3,4303,Unfurnished,33,No,48.88
Surat,Piplod,Villa,5,3004,Semi-furnished,30,Yes,31.62
Surat,Adajan,Villa,3,2655,Unfurnished,16,No,175.45
Surat,Pal,Independent House,5,4540,Unfurnished,11,No,47.2
Ahmedabad,Gota,Villa,5,935,Furnished,7,Yes,17.7
Ahmedabad,Satellite,Independent House,4,715,Furnished,10,Yes,199.98
Ahmedabad,Navrangpura,Villa,5,1998,Unfurnished,20,No,180.08
Surat,Pal,Apartment,2,4912,Furnished,17,Yes,40.98
Ahmedabad,Gota,Apartment,4,1232,Semi-furnished,29,Yes,53.96
Surat,Adajan,Villa,3,3830,Semi-furnished,18,No,160.49
Surat,Althan,Independent House,4,2651,Semi-furnished,18,Yes,185.07
Surat,Piplod,Apartment,1,4722,Unfurnished,8,No,15.01
Ahmedabad,Navrangpura,Villa,5,4837,Furnished,30,Yes,78.55
Surat,Adajan,Villa,4,1703,Semi-furnished,15,Yes,25.27
Surat,Althan,Independent House,2,4809,Semi-furnished,11,No,134.82
Ahmedabad,Gota,Independent House,2,4700,Semi-furnished,33,No,187.22
Surat,Pal,Villa,2,2012,Unfurnished,23,Yes,72.08
Surat,Althan,Independent House,2,2429,Furnished,19,Yes,83.08
Ahmedabad,Satellite,Villa,5,1884,Semi-furnished,22,Yes,56.32
Surat,Piplod,Independent House,4,1597,Unfurnished,26,Yes,196.01
Surat,Adajan,Villa,2,4952,Furnished,9,No,133.29
Ahmedabad,Gota,Apartment,1,2671,Semi-furnished,29,No,60.01
Ahmedabad,Satellite,Independent House,5,2828,Unfurnished,9,No,177.3
Ahmedabad,Satellite,Apartment,1,4471,Unfurnished,13,Yes,92.81
Surat,Adajan,Villa,5,1702,Furnished,27,No,141.23
Surat,Piplod,Villa,2,3561,Furnished,27,No,173.84
Ahmedabad,Bopal,Independent House,3,1398,Semi-furnished,6,Yes,73.51
Ahmedabad,Gota,Villa,4,2136,Furnished,29,No,168.48
Surat,Althan,Apartment,3,3722,Unfurnished,14,No,98.31
Ahmedabad,Bopal,Independent House,3,947,Furnished,10,Yes,188.11
Surat,Althan,Independent House,1,1070,Unfurnished,18,No,181.43
Surat,Piplod,Apartment,2,3107,Unfurnished,15,Yes,28.02
Surat,Pal,Villa,5,4775,Semi-furnished,12,No,192.27
Ahmedabad,Gota,Apartment,1,4810,Furnished,26,Yes,179.85
Ahmedabad,SG Highway,Apartment,1,1956,Semi-furnished,17,Yes,88.09
Ahmedabad,Satellite,Villa,1,3969,Furnished,23,No,188.04
Surat,Vesu,Villa,3,3727,Furnished,12,Yes,179.91
Ahmedabad,Gota,Apartment,5,1775,Unfurnished,11,No,155.51
Ahmedabad,Gota,Independent House,2,4736,Furnished,10,No,191.02
Surat,Adajan,Apartment,4,1306,Semi-furnished,5,Yes,84.54
Surat,Adajan,Apartment,5,1885,Furnished,26,No,186.38
Surat,Vesu,Independent House,4,3170,Furnished,2,Yes,76.66
Ahmedabad,Bopal,Apartment,4,1539,Unfurnished,6,No,56.56
Surat,Piplod,Apartment,5,1940,Furnished,21,No,184.28
Ahmedabad,Gota,Independent House,1,2992,Semi-furnished,4,No,114.27
Ahmedabad,Bopal,Independent House,3,2300,Unfurnished,32,Yes,119.84
Ahmedabad,Satellite,Independent House,2,2110,Semi-furnished,5,Yes,152.39
Ahmedabad,SG Highway,Villa,2,3527,Furnished,34,Yes,196.59
Ahmedabad,Satellite,Independent House,3,1842,Unfurnished,10,No,190.14
Ahmedabad,Bopal,Villa,2,3522,Semi-furnished,29,No,78.69
Ahmedabad,Satellite,Villa,5,3531,Furnished,13,No,80.32
Surat,Piplod,Villa,1,1558,Semi-furnished,17,No,199.97
Surat,Vesu,Apartment,1,1502,Semi-furnished,28,No,159.44
Ahmedabad,Navrangpura,Villa,1,4763,Unfurnished,33,No,24.53
Surat,Adajan,Independent House,4,2804,Semi-furnished,3,No,94.55
Ahmedabad,Satellite,Apartment,4,3569,Semi-furnished,9,Yes,92.58
Surat,Vesu,Apartment,2,3547,Furnished,11,Yes,56.67
Surat,Althan,Independent House,4,2259,Semi-furnished,16,No,30.38
Surat,Piplod,Apartment,4,3881,Semi-furnished,7,Yes,176.21
Ahmedabad,Bopal,Villa,1,4377,Semi-furnished,19,Yes,198.25
Surat,Pal,Villa,5,2901,Unfurnished,7,Yes,141.17
Surat,Pal,Villa,3,4776,Semi-furnished,23,No,44.04
Surat,Piplod,Apartment,3,3985,Unfurnished,29,Yes,118.55
Ahmedabad,Navrangpura,Apartment,1,3606,Unfurnished,35,No,43.57
Ahmedabad,Satellite,Apartment,5,3483,Semi-furnished,10,No,132.71
Surat,Piplod,Villa,3,4970,Semi-furnished,27,Yes,115.16
Surat,Althan,Apartment,5,1817,Semi-furnished,15,No,49.59
Ahmedabad,Bopal,Independent House,5,823,Furnished,15,No,43.63
Ahmedabad,Navrangpura,Apartment,5,3036,Furnished,7,Yes,88.55
Ahmedabad,SG Highway,Independent House,4,4062,Semi-furnished,30,No,126.12
Surat,Piplod,Independent House,4,906,Unfurnished,15,No,10.81
Ahmedabad,Navrangpura,Villa,2,3196,Unfurnished,28,Yes,75.16
Surat,Piplod,Independent House,1,3914,Unfurnished,2,Yes,54.65
Ahmedabad,SG Highway,Apartment,1,586,Furnished,12,No,183.63
Ahmedabad,Satellite,Apartment,5,703,Unfurnished,7,Yes,188.86
Ahmedabad,Gota,Apartment,2,833,Furnished,16,No,18.96
Surat,Piplod,Apartment,4,1233,Unfurnished,14,Yes,175.91
Surat,Pal,Independent House,4,3849,Unfurnished,9,No,132.38
Surat,Vesu,Villa,2,2534,Furnished,23,Yes,26.79
Ahmedabad,Navrangpura,Villa,1,3631,Unfurnished,8,Yes,192.16
Surat,Althan,Villa,1,4834,Unfurnished,5,Yes,22.76
Surat,Adajan,Apartment,2,1546,Unfurnished,23,Yes,128.68
Surat,Vesu,Independent House,2,4426,Semi-furnished,14,Yes,46.12
Ahmedabad,Satellite,Independent House,4,854,Furnished,17,No,98.54
Surat,Piplod,Independent House,4,886,Unfurnished,13,No,72.29
Ahmedabad,Navrangpura,Apartment,2,3545,Unfurnished,22,No,59.69
Surat,Pal,Villa,5,3913,Semi-furnished,10,Yes,50.51
Surat,Piplod,Apartment,4,1616,Semi-furnished,22,Yes,33.65
Ahmedabad,SG Highway,Independent House,2,1915,Furnished,21,No,99.75
Ahmedabad,SG Highway,Apartment,2,1565,Semi-furnished,30,Yes,198.67
Surat,Adajan,Apartment,1,2914,Unfurnished,33,Yes,73.47
Surat,Althan,Apartment,2,662,Semi-furnished,2,No,89.09
Ahmedabad,Navrangpura,Apartment,5,4995,Unfurnished,11,No,29.19
Surat,Adajan,Villa,5,2934,Unfurnished,21,No,33.77
Surat,Althan,Villa,3,1429,Furnished,30,No,144.98
Ahmedabad,Navrangpura,Villa,2,1814,Unfurnished,25,Yes,81.51
Ahmedabad,Gota,Villa,5,4409,Furnished,12,Yes,51.5
Surat,Vesu,Apartment,1,2713,Unfurnished,17,No,139.21
Ahmedabad,Satellite,Apartment,1,4085,Furnished,10,Yes,157.11
Surat,Adajan,Independent House,2,3712,Unfurnished,9,Yes,164.85
Surat,Vesu,Independent House,4,4671,Furnished,35,No,88.31
Surat,Adajan,Independent House,3,1277,Semi-furnished,23,No,94.36
Surat,Piplod,Villa,1,3852,Semi-furnished,16,Yes,100.32
Surat,Piplod,Villa,1,2545,Furnished,30,Yes,88.92
Ahmedabad,Navrangpura,Villa,5,1262,Furnished,3,Yes,103.38
Surat,Adajan,Apartment,3,4673,Unfurnished,10,Yes,195.49
Surat,Althan,Apartment,3,1281,Furnished,5,No,129.5
Surat,Piplod,Independent House,5,3644,Semi-furnished,14,No,77.55
Surat,Pal,Independent House,4,3813,Unfurnished,15,Yes,77.37
Surat,Vesu,Apartment,3,3609,Furnished,4,Yes,75.92
Ahmedabad,Bopal,Independent House,5,3823,Semi-furnished,11,Yes,90.34
Ahmedabad,Bopal,Villa,5,869,Unfurnished,32,No,53.67
Surat,Piplod,Independent House,4,3799,Semi-furnished,22,Yes,179.56
Surat,Pal,Villa,4,4757,Semi-furnished,24,Yes,68.53
Surat,Pal,Villa,1,964,Furnished,15,No,154.28
Surat,Pal,Independent House,2,3916,Furnished,7,Yes,178.26
Surat,Adajan,Independent House,5,2485,Unfurnished,25,Yes,136.1
Surat,Piplod,Independent House,5,1373,Furnished,18,Yes,153.07
Surat,Adajan,Independent House,2,4907,Semi-furnished,20,Yes,86.65
Ahmedabad,Bopal,Villa,3,3691,Unfurnished,27,No,20.27
Surat,Adajan,Villa,4,4352,Unfurnished,7,Yes,150.98
Surat,Vesu,Apartment,1,1469,Semi-furnished,12,No,77.19
Surat,Pal,Villa,3,3010,Unfurnished,9,No,48.24
Surat,Adajan,Independent House,1,1833,Semi-furnished,9,Yes,156.41
Ahmedabad,Gota,Villa,4,733,Furnished,21,No,152.42
Ahmedabad,SG Highway,Villa,5,2751,Unfurnished,14,Yes,55.51
Surat,Vesu,Villa,3,3954,Semi-furnished,27,Yes,161.96
Ahmedabad,SG Highway,Independent House,4,1960,Furnished,27,Yes,133.84
Surat,Althan,Apartment,3,3970,Unfurnished,29,No,10.73
Surat,Althan,Apartment,5,1406,Semi-furnished,5,No,145.79
Ahmedabad,SG Highway,Apartment,1,3005,Semi-furnished,14,No,81.58
Ahmedabad,Gota,Apartment,5,4321,Unfurnished,26,No,30.01
Ahmedabad,Satellite,Independent House,1,990,Unfurnished,11,Yes,120.34
Ahmedabad,SG Highway,Independent House,4,4190,Unfurnished,12,Yes,186.26
Surat,Pal,Apartment,4,3796,Semi-furnished,12,No,36.86
Surat,Althan,Villa,5,3846,Semi-furnished,14,No,158.95
Surat,Althan,Villa,2,2817,Unfurnished,23,No,144.94
Surat,Adajan,Independent House,5,972,Unfurnished,30,Yes,67.9
Ahmedabad,Navrangpura,Independent House,5,3844,Furnished,23,Yes,119.96
Surat,Piplod,Villa,3,1150,Semi-furnished,15,No,180.3
Ahmedabad,Gota,Villa,2,2664,Unfurnished,2,Yes,48.98
Surat,Adajan,Independent House,4,3414,Semi-furnished,5,No,67.28
Surat,Vesu,Apartment,4,757,Unfurnished,8,No,188.67
Ahmedabad,SG Highway,Villa,2,4399,Furnished,18,Yes,143.71
Ahmedabad,Satellite,Apartment,4,1632,Unfurnished,7,No,141.96
Ahmedabad,Gota,Independent House,4,3414,Furnished,13,No,153.84
Ahmedabad,Satellite,Apartment,5,4207,Unfurnished,28,Yes,162.88
Surat,Piplod,Independent House,3,2974,Furnished,19,No,168.07
Surat,Pal,Independent House,3,2507,Furnished,29,Yes,34.42
Ahmedabad,SG Highway,Independent House,2,2259,Furnished,26,No,188.31
Surat,Vesu,Apartment,5,1566,Semi-furnished,33,No,152.5
Ahmedabad,Navrangpura,Villa,4,3163,Unfurnished,32,Yes,80.09
Surat,Vesu,Apartment,5,3702,Unfurnished,12,No,197.96
Ahmedabad,Bopal,Villa,2,2989,Semi-furnished,2,No,69.72
Surat,Piplod,Villa,3,4736,Furnished,31,No,96.82
Ahmedabad,Bopal,Villa,4,2161,Semi-furnished,25,No,72.73
Ahmedabad,Navrangpura,Independent House,5,4045,Unfurnished,14,No,195.62
Surat,Althan,Apartment,1,1296,Unfurnished,35,Yes,36.06
Ahmedabad,Gota,Independent House,5,3527,Furnished,17,No,28.11
Ahmedabad,Satellite,Villa,1,1745,Semi-furnished,19,Yes,137.82
Ahmedabad,Gota,Independent House,4,761,Semi-furnished,6,Yes,59.83
Surat,Pal,Villa,2,4102,Unfurnished,33,Yes,51.34
Surat,Vesu,Independent House,5,569,Furnished,23,No,189.05
Surat,Piplod,Villa,5,3040,Semi-furnished,20,No,32.94
Surat,Adajan,Apartment,3,4632,Semi-furnished,9,Yes,142.44
Surat,Piplod,Villa,1,2753,Furnished,8,Yes,99.0
Ahmedabad,SG Highway,Apartment,2,2016,Semi-furnished,12,No,177.37
Ahmedabad,Bopal,Villa,3,2712,Semi-furnished,18,Yes,106.76
Ahmedabad,SG Highway,Apartment,5,3823,Unfurnished,16,No,71.24
Surat,Pal,Independent House,4,2960,Unfurnished,32,Yes,73.43
Surat,Vesu,Villa,4,2038,Furnished,13,No,17.13
Surat,Pal,Villa,3,2853,Unfurnished,23,No,198.4
Surat,Althan,Villa,1,3375,Furnished,29,No,72.66
Ahmedabad,Navrangpura,Independent House,4,4325,Semi-furnished,23,No,16.08
Ahmedabad,SG Highway,Villa,4,3323,Semi-furnished,20,No,164.73
Ahmedabad,Gota,Villa,5,3407,Unfurnished,33,Yes,100.07
Ahmedabad,Navrangpura,Villa,4,3017,Semi-furnished,15,Yes,133.82
Ahmedabad,SG Highway,Villa,4,2546,Semi-furnished,29,No,39.96
Ahmedabad,Satellite,Apartment,3,1293,Semi-furnished,19,No,78.11
Ahmedabad,Gota,Apartment,1,3274,Unfurnished,2,No,75.39
Surat,Vesu,Independent House,2,3046,Unfurnished,5,No,103.64
Surat,Pal,Apartment,5,3814,Furnished,4,Yes,142.69
Surat,Adajan,Independent House,2,512,Semi-furnished,27,No,190.86
Surat,Adajan,Villa,1,3593,Semi-furnished,11,Yes,82.12
Surat,Vesu,Villa,3,2676,Unfurnished,8,Yes,92.75
Ahmedabad,Bopal,Villa,3,1497,Semi-furnished,29,Yes,95.31
Ahmedabad,Navrangpura,Apartment,1,4024,Furnished,6,Yes,32.68
Ahmedabad,Gota,Villa,5,970,Semi-furnished,20,No,90.49
Ahmedabad,Gota,Villa,1,1790,Unfurnished,13,Yes,152.13
Surat,Vesu,Villa,2,3242,Semi-furnished,21,Yes,133.23
Surat,Vesu,Independent House,5,2054,Semi-furnished,21,No,169.31
Ahmedabad,Navrangpura,Apartment,5,2710,Semi-furnished,27,No,93.64
Ahmedabad,Gota,Villa,2,1759,Furnished,19,No,136.31
Ahmedabad,SG Highway,Villa,4,4175,Unfurnished,22,Yes,158.08
Surat,Pal,Apartment,2,1597,Semi-furnished,6,No,22.68
Ahmedabad,SG Highway,Independent House,2,4248,Furnished,10,Yes,60.71
Ahmedabad,Satellite,Apartment,4,2750,Semi-furnished,14,No,35.82
Ahmedabad,Satellite,Villa,4,1362,Furnished,29,No,133.39
Surat,Althan,Villa,5,3187,Semi-furnished,23,No,80.95
Ahmedabad,Navrangpura,Independent House,1,3638,Furnished,4,Yes,19.01
Surat,Althan,Villa,4,1948,Furnished,5,No,85.4
Surat,Vesu,Villa,1,777,Furnished,18,No,48.15
Ahmedabad,Navrangpura,Apartment,3,2591,Furnished,6,Yes,79.5
Surat,Vesu,Apartment,3,3309,Furnished,22,No,176.85
Surat,Adajan,Apartment,1,2695,Unfurnished,25,Yes,38.77
Surat,Althan,Villa,2,1439,Semi-furnished,16,No,173.67
Surat,Althan,Independent House,5,1294,Furnished,6,No,181.89
Ahmedabad,Gota,Apartment,1,2670,Furnished,9,No,183.72
Ahmedabad,Satellite,Independent House,3,580,Furnished,14,No,178.86
Ahmedabad,SG Highway,Apartment,3,1039,Unfurnished,31,No,85.57
Ahmedabad,Bopal,Villa,5,4045,Semi-furnished,28,No,165.27
Ahmedabad,Bopal,Independent House,5,731,Unfurnished,30,Yes,33.26
Surat,Althan,Independent House,4,4055,Semi-furnished,35,No,18.49
Surat,Althan,Apartment,2,3153,Furnished,27,Yes,50.79
Surat,Vesu,Independent House,3,608,Unfurnished,21,No,186.99
Ahmedabad,Gota,Independent House,1,3942,Semi-furnished,26,No,187.04
Ahmedabad,Satellite,Independent House,2,856,Unfurnished,31,Yes,162.44
Surat,Pal,Villa,5,1114,Unfurnished,3,No,62.05
Surat,Piplod,Apartment,3,1716,Furnished,7,Yes,173.35
Ahmedabad,Bopal,Independent House,1,1810,Unfurnished,17,Yes,62.91
Ahmedabad,Bopal,Villa,3,1371,Furnished,32,Yes,122.83
Ahmedabad,Navrangpura,Independent House,1,683,Furnished,26,Yes,35.8
Ahmedabad,Bopal,Independent House,4,2220,Unfurnished,20,No,71.49
Surat,Adajan,Apartment,2,3315,Semi-furnished,10,Yes,195.46
Surat,Vesu,Villa,5,2902,Furnished,31,No,155.7
Surat,Adajan,Independent House,1,2049,Furnished,9,Yes,38.69
Surat,Althan,Independent House,1,4113,Unfurnished,4,No,72.02
Ahmedabad,Gota,Villa,3,4669,Furnished,28,Yes,10.63
Ahmedabad,Navrangpura,Independent House,2,4797,Furnished,24,Yes,23.94
Surat,Piplod,Apartment,1,1632,Semi-furnished,8,Yes,59.43
Ahmedabad,Bopal,Apartment,3,2784,Unfurnished,9,No,30.49
Surat,Adajan,Apartment,4,3683,Unfurnished,13,Yes,32.34
Surat,Althan,Villa,4,4248,Unfurnished,25,Yes,64.75
Surat,Vesu,Independent House,1,4817,Unfurnished,15,Yes,107.77
Surat,Piplod,Villa,3,1875,Furnished,20,Yes,199.39
Ahmedabad,Gota,Villa,3,1735,Unfurnished,17,Yes,43.28
Surat,Pal,Apartment,2,3430,Unfurnished,11,Yes,90.86
Ahmedabad,SG Highway,Apartment,2,1695,Unfurnished,16,Yes,56.03
Ahmedabad,Satellite,Independent House,2,1779,Unfurnished,14,Yes,32.51
Surat,Piplod,Independent House,1,2765,Unfurnished,3,No,74.15
Ahmedabad,Navrangpura,Independent House,5,3578,Furnished,23,No,198.16
Ahmedabad,Navrangpura,Independent House,2,1374,Furnished,3,Yes,66.7
Surat,Pal,Villa,4,1171,Semi-furnished,13,Yes,15.13
Surat,Althan,Apartment,4,2923,Semi-furnished,7,No,50.14
Surat,Piplod,Apartment,5,790,Unfurnished,4,Yes,64.49
Ahmedabad,Gota,Apartment,5,1238,Semi-furnished,11,Yes,178.82
Surat,Piplod,Independent House,4,1358,Semi-furnished,29,Yes,24.33
Ahmedabad,Gota,Independent House,5,1946,Furnished,34,No,155.37
Ahmedabad,Gota,Apartment,1,3440,Furnished,6,No,98.07
Ahmedabad,Bopal,Independent House,2,4306,Unfurnished,32,Yes,60.15
Ahmedabad,SG Highway,Villa,2,1331,Semi-furnished,24,No,84.8
Surat,Althan,Villa,3,1757,Unfurnished,26,No,50.86
Surat,Piplod,Apartment,3,1913,Furnished,16,No,103.61
Ahmedabad,Bopal,Villa,2,4626,Semi-furnished,10,Yes,64.92
Ahmedabad,Satellite,Apartment,4,2130,Unfurnished,21,No,147.48
Surat,Adajan,Independent House,2,1382,Furnished,30,No,184.43
Ahmedabad,Navrangpura,Independent House,1,744,Unfurnished,35,No,99.97
Ahmedabad,Satellite,Independent House,2,3702,Furnished,23,No,130.03
Ahmedabad,Satellite,Apartment,5,2924,Unfurnished,27,No,28.34
Surat,Piplod,Villa,1,3951,Furnished,10,No,52.39
Ahmedabad,Navrangpura,Independent House,5,2709,Furnished,2,Yes,184.27
Ahmedabad,Satellite,Villa,5,2098,Semi-furnished,26,Yes,165.99
Surat,Pal,Villa,1,3400,Unfurnished,2,Yes,90.88
Ahmedabad,Satellite,Apartment,5,2967,Unfurnished,13,Yes,28.35
Ahmedabad,Bopal,Apartment,1,4846,Unfurnished,2,No,74.63
Ahmedabad,SG Highway,Apartment,1,1069,Unfurnished,27,Yes,174.02
Surat,Althan,Independent House,5,2207,Semi-furnished,26,No,98.31
Ahmedabad,SG Highway,Apartment,1,892,Semi-furnished,31,No,186.94
Ahmedabad,Gota,Villa,2,933,Furnished,16,Yes,85.53
Surat,Pal,Apartment,2,526,Furnished,24,Yes,111.52
Ahmedabad,Bopal,Independent House,5,815,Unfurnished,29,Yes,137.53
Surat,Pal,Independent House,5,4229,Furnished,7,No,121.03
Ahmedabad,Gota,Apartment,4,3795,Semi-furnished,31,Yes,154.47
Surat,Piplod,Independent House,2,2476,Unfurnished,20,Yes,47.26
Surat,Vesu,Apartment,2,4752,Semi-furnished,4,No,139.83
Surat,Althan,Villa,3,3662,Semi-furnished,30,Yes,190.77
Ahmedabad,Gota,Independent House,5,2080,Semi-furnished,26,Yes,38.58
Surat,Piplod,Apartment,2,2177,Semi-furnished,3,No,13.57
Surat,Adajan,Independent House,4,591,Semi-furnished,16,Yes,11.25
Surat,Pal,Villa,5,667,Semi-furnished,7,Yes,154.16
Ahmedabad,Gota,Apartment,4,4707,Unfurnished,20,Yes,99.93
Ahmedabad,Bopal,Villa,2,4837,Semi-furnished,12,No,59.52
Surat,Althan,Apartment,3,1774,Semi-furnished,13,No,101.91
Surat,Piplod,Villa,5,2541,Unfurnished,29,No,106.73
Surat,Piplod,Villa,5,2990,Furnished,28,Yes,111.84
Surat,Adajan,Independent House,1,4662,Unfurnished,13,No,162.16
Surat,Adajan,Apartment,1,2063,Unfurnished,24,Yes,116.96
Ahmedabad,Satellite,Independent House,2,1647,Semi-furnished,5,No,95.37
Surat,Althan,Apartment,2,4443,Semi-furnished,9,Yes,126.6
Ahmedabad,Satellite,Independent House,2,4859,Unfurnished,18,Yes,115.89
Surat,Althan,Villa,2,3329,Furnished,34,No,61.04
Ahmedabad,Bopal,Villa,4,3881,Furnished,8,No,168.33
Surat,Vesu,Villa,5,3555,Semi-furnished,17,No,152.79
Ahmedabad,SG Highway,Independent House,4,2816,Furnished,6,Yes,115.2
Ahmedabad,Bopal,Villa,3,3935,Unfurnished,4,Yes,36.64
Surat,Althan,Apartment,4,3112,Semi-furnished,17,Yes,155.38
Ahmedabad,Gota,Apartment,4,2080,Furnished,2,No,161.57
Surat,Vesu,Villa,1,3341,Furnished,15,Yes,175.29
Surat,Althan,Villa,5,1578,Furnished,28,No,105.03
Ahmedabad,Bopal,Independent House,3,2461,Unfurnished,2,No,74.68
Ahmedabad,Satellite,Independent House,3,4961,Semi-furnished,27,No,158.06
Ahmedabad,Navrangpura,Villa,1,3923,Semi-furnished,17,No,51.05
Ahmedabad,Navrangpura,Villa,1,1356,Unfurnished,2,No,175.96
Surat,Vesu,Apartment,1,2174,Semi-furnished,26,No,139.43
Surat,Althan,Villa,3,4866,Semi-furnished,24,Yes,117.22
Surat,Vesu,Independent House,3,2950,Unfurnished,20,No,42.77
Surat,Vesu,Apartment,5,4139,Furnished,31,Yes,147.28
Surat,Adajan,Villa,4,1008,Semi-furnished,28,Yes,38.67
Ahmedabad,Satellite,Apartment,2,3920,Unfurnished,23,No,39.49
Surat,Adajan,Independent House,4,1305,Unfurnished,29,No,81.35
Ahmedabad,SG Highway,Apartment,2,4192,Semi-furnished,19,No,106.24
Ahmedabad,Bopal,Villa,3,2548,Furnished,7,No,122.9
Surat,Vesu,Villa,5,2542,Furnished,12,No,148.05
Ahmedabad,Gota,Apartment,1,3651,Furnished,30,Yes,52.3
Surat,Althan,Villa,5,3595,Furnished,25,No,72.57
Surat,Vesu,Independent House,3,4714,Unfurnished,30,No,97.34
Ahmedabad,Bopal,Apartment,4,3775,Semi-furnished,24,Yes,86.72
Ahmedabad,Satellite,Apartment,1,2031,Semi-furnished,17,No,196.95
Ahmedabad,Navrangpura,Independent House,5,2845,Furnished,16,No,39.14
Ahmedabad,Gota,Apartment,5,2605,Unfurnished,15,Yes,72.55
Ahmedabad,SG Highway,Villa,3,2734,Unfurnished,18,Yes,101.63
Ahmedabad,Gota,Villa,4,4401,Furnished,10,Yes,48.87
Surat,Althan,Independent House,3,4874,Unfurnished,23,Yes,88.54
Surat,Piplod,Villa,5,1232,Unfurnished,11,Yes,145.81
Ahmedabad,Satellite,Apartment,5,1219,Furnished,30,Yes,141.37
Surat,Althan,Apartment,3,1469,Furnished,11,Yes,116.57
Ahmedabad,Bopal,Apartment,5,1682,Unfurnished,10,Yes,55.99
Ahmedabad,Navrangpura,Villa,2,1599,Furnished,20,Yes,31.32
Ahmedabad,SG Highway,Independent House,1,706,Semi-furnished,24,Yes,52.75
Ahmedabad,Bopal,Apartment,3,3567,Furnished,14,No,12.34
Surat,Pal,Apartment,5,2966,Furnished,12,Yes,52.0
Ahmedabad,Navrangpura,Apartment,3,580,Semi-furnished,12,Yes,152.5
Ahmedabad,Bopal,Villa,2,4693,Furnished,10,No,185.53
Surat,Adajan,Apartment,3,1782,Semi-furnished,28,Yes,165.31
Ahmedabad,Satellite,Independent House,2,3380,Furnished,10,No,83.12
Ahmedabad,Navrangpura,Independent House,1,2662,Furnished,26,Yes,195.65
Surat,Adajan,Apartment,4,1689,Unfurnished,8,Yes,104.4
Ahmedabad,Satellite,Independent House,5,2636,Semi-furnished,14,No,141.07
Ahmedabad,Navrangpura,Villa,5,2812,Furnished,4,No,14.43
Surat,Vesu,Apartment,5,4515,Semi-furnished,26,Yes,67.42
Ahmedabad,Satellite,Independent House,5,1625,Unfurnished,11,Yes,43.58
Surat,Pal,Villa,2,867,Semi-furnished,28,Yes,13.06
Ahmedabad,Navrangpura,Independent House,5,4320,Semi-furnished,25,No,124.12
Ahmedabad,Satellite,Independent House,2,4095,Unfurnished,17,No,91.64
Surat,Vesu,Villa,5,4520,Semi-furnished,19,No,109.35
Surat,Pal,Villa,3,2641,Furnished,16,No,25.35
Surat,Vesu,Apartment,4,2696,Semi-furnished,25,No,17.31
Ahmedabad,Navrangpura,Independent House,2,3621,Furnished,34,Yes,18.29
Ahmedabad,Satellite,Apartment,2,4483,Unfurnished,26,Yes,131.66
Surat,Adajan,Apartment,1,2090,Unfurnished,21,Yes,62.78
Surat,Adajan,Independent House,4,3407,Semi-furnished,26,No,164.79
Surat,Althan,Independent House,3,1454,Semi-furnished,9,Yes,129.4
Surat,Vesu,Apartment,3,4459,Furnished,28,No,99.39
Ahmedabad,SG Highway,Apartment,3,2165,Unfurnished,28,Yes,174.68
Surat,Vesu,Apartment,5,1627,Furnished,28,No,132.36
Ahmedabad,Satellite,Independent House,5,1210,Furnished,6,No,26.48
Surat,Althan,Independent House,4,2769,Semi-furnished,7,Yes,96.79
Surat,Vesu,Apartment,2,633,Furnished,18,No,76.73
Ahmedabad,Navrangpura,Villa,4,4090,Furnished,35,Yes,27.61
Surat,Adajan,Independent House,3,4772,Unfurnished,9,No,145.89
Ahmedabad,Navrangpura,Apartment,2,1363,Semi-furnished,32,Yes,114.91
Ahmedabad,Bopal,Villa,5,4704,Furnished,19,No,126.18
Ahmedabad,Gota,Independent House,2,2832,Semi-furnished,21,Yes,38.13
Surat,Piplod,Independent House,3,1587,Semi-furnished,30,No,145.84
Surat,Adajan,Villa,1,4260,Semi-furnished,7,Yes,105.15
Surat,Vesu,Villa,5,4103,Unfurnished,8,Yes,19.17
Surat,Vesu,Independent House,2,3506,Furnished,17,No,178.2
Ahmedabad,Navrangpura,Villa,2,955,Semi-furnished,4,Yes,109.84
Surat,Adajan,Independent House,2,4364,Furnished,2,No,146.37
Surat,Althan,Apartment,1,4060,Furnished,26,Yes,73.28
Ahmedabad,Satellite,Independent House,1,3563,Furnished,2,Yes,85.11
Surat,Vesu,Independent House,3,4499,Furnished,23,No,124.44
Ahmedabad,Satellite,Villa,2,3196,Semi-furnished,3,No,102.35
Ahmedabad,Navrangpura,Villa,3,1396,Semi-furnished,18,Yes,140.06
Surat,Pal,Villa,4,1205,Semi-furnished,34,Yes,59.95
Ahmedabad,SG Highway,Villa,4,2066,Furnished,7,Yes,89.11
Ahmedabad,SG Highway,Independent House,3,585,Semi-furnished,29,Yes,158.57
Surat,Piplod,Apartment,3,2904,Furnished,32,No,31.37
Ahmedabad,Navrangpura,Apartment,1,3839,Semi-furnished,13,Yes,103.67
Surat,Vesu,Apartment,5,1752,Semi-furnished,18,Yes,193.64
Surat,Piplod,Apartment,1,3474,Furnished,31,Yes,161.02
Surat,Pal,Independent House,2,2007,Furnished,12,No,168.16
Ahmedabad,Bopal,Independent House,5,3687,Semi-furnished,35,Yes,38.78
Surat,Vesu,Villa,2,2575,Unfurnished,18,Yes,178.23
Surat,Althan,Apartment,5,1910,Unfurnished,8,No,171.9
Ahmedabad,Navrangpura,Apartment,4,4421,Furnished,16,No,174.38
Surat,Vesu,Apartment,2,4759,Semi-furnished,4,No,133.03
Ahmedabad,Gota,Independent House,4,3316,Unfurnished,10,No,70.79
Ahmedabad,Satellite,Villa,4,1234,Semi-furnished,25,No,169.74
Ahmedabad,Gota,Villa,2,915,Furnished,14,Yes,72.17
Ahmedabad,SG Highway,Apartment,5,3592,Semi-furnished,4,No,17.78
Ahmedabad,SG Highway,Independent House,1,1974,Semi-furnished,31,No,36.7
Ahmedabad,Navrangpura,Independent House,5,2125,Unfurnished,30,Yes,20.88
Surat,Althan,Independent House,4,3391,Semi-furnished,24,No,33.24
Surat,Adajan,Independent House,1,3112,Furnished,31,Yes,67.1
Ahmedabad,Navrangpura,Villa,3,2069,Furnished,14,No,91.07
Ahmedabad,Bopal,Villa,4,3283,Furnished,18,No,183.55
Ahmedabad,Satellite,Apartment,2,804,Semi-furnished,22,No,166.62
Ahmedabad,Navrangpura,Independent House,1,4574,Unfurnished,5,No,80.71
Surat,Piplod,Apartment,5,1939,Furnished,29,No,157.09
Surat,Pal,Independent House,5,4586,Semi-furnished,32,No,11.22
Surat,Althan,Apartment,1,1958,Unfurnished,35,Yes,110.66
Ahmedabad,Bopal,Independent House,2,1306,Furnished,21,Yes,43.81
Ahmedabad,Satellite,Apartment,2,1196,Unfurnished,15,No,43.42
Surat,Piplod,Independent House,3,4294,Unfurnished,33,Yes,51.37
Surat,Althan,Villa,4,2332,Semi-furnished,11,No,33.09
Surat,Althan,Independent House,4,1640,Semi-furnished,15,Yes,66.78
Surat,Pal,Villa,3,3958,Furnished,32,Yes,158.22
Ahmedabad,Satellite,Independent House,4,2089,Unfurnished,26,Yes,77.38
Ahmedabad,Satellite,Apartment,2,4943,Unfurnished,4,No,23.83
Ahmedabad,SG Highway,Villa,3,4956,Unfurnished,31,Yes,89.25
Surat,Adajan,Independent House,3,4724,Unfurnished,11,Yes,106.74
Ahmedabad,Bopal,Apartment,5,2689,Semi-furnished,4,Yes,138.71
Ahmedabad,Satellite,Villa,4,3791,Semi-furnished,14,No,75.5
Surat,Althan,Villa,4,3351,Unfurnished,5,No,74.15
Ahmedabad,Gota,Independent House,3,3021,Semi-furnished,34,Yes,92.2
Ahmedabad,Bopal,Apartment,3,3743,Furnished,9,No,145.55
Ahmedabad,Satellite,Independent House,4,2951,Unfurnished,12,Yes,87.1
Surat,Vesu,Villa,1,2929,Furnished,11,No,111.52
Ahmedabad,Gota,Villa,1,1764,Unfurnished,5,Yes,135.86
Ahmedabad,Navrangpura,Apartment,2,2866,Unfurnished,8,Yes,146.37
Surat,Althan,Independent House,1,574,Semi-furnished,15,No,89.3
Ahmedabad,Navrangpura,Villa,3,3242,Unfurnished,26,No,197.06
Ahmedabad,Bopal,Independent House,5,1868,Unfurnished,23,No,186.39
Surat,Piplod,Apartment,3,538,Unfurnished,34,Yes,188.75
Surat,Vesu,Independent House,5,1514,Semi-furnished,17,No,145.77
Ahmedabad,Gota,Independent House,3,1477,Furnished,32,No,124.66
Surat,Vesu,Apartment,4,3748,Semi-furnished,22,No,19.76
Surat,Vesu,Villa,5,4754,Unfurnished,19,Yes,183.01
Surat,Althan,Independent House,3,3939,Semi-furnished,5,No,115.44
Ahmedabad,SG Highway,Apartment,3,743,Furnished,29,Yes,47.67
Surat,Vesu,Apartment,5,2892,Unfurnished,26,Yes,182.57
Ahmedabad,Gota,Villa,1,1166,Semi-furnished,23,No,32.19
Surat,Adajan,Villa,3,4551,Semi-furnished,27,Yes,26.84
Ahmedabad,Bopal,Villa,5,811,Unfurnished,17,Yes,103.81
Surat,Vesu,Apartment,2,1316,Furnished,18,No,172.31
Surat,Althan,Villa,2,2565,Furnished,2,No,12.06
Ahmedabad,Bopal,Independent House,4,4101,Unfurnished,23,No,73.64
Surat,Vesu,Villa,4,3143,Unfurnished,30,Yes,10.51
Ahmedabad,SG Highway,Apartment,5,3291,Semi-furnished,25,No,106.56
Surat,Vesu,Villa,1,1199,Furnished,17,Yes,199.6
Surat,Althan,Independent House,2,804,Semi-furnished,4,Yes,65.6
Ahmedabad,Navrangpura,Apartment,1,517,Semi-furnished,35,Yes,78.2
Ahmedabad,Satellite,Apartment,1,4589,Semi-furnished,15,No,190.22
Surat,Pal,Villa,1,2658,Semi-furnished,15,No,172.03
Ahmedabad,SG Highway,Apartment,5,4635,Semi-furnished,30,No,54.28
Surat,Althan,Villa,3,2773,Furnished,15,No,121.66
Ahmedabad,Satellite,Independent House,2,4381,Semi-furnished,27,No,156.0
Ahmedabad,Navrangpura,Villa,2,2471,Semi-furnished,20,No,43.56
Surat,Althan,Villa,4,4529,Furnished,20,No,68.03
Ahmedabad,Satellite,Independent House,2,4282,Unfurnished,25,No,42.81
Ahmedabad,SG Highway,Independent House,2,1288,Unfurnished,20,No,40.61
Surat,Vesu,Villa,4,2927,Unfurnished,14,No,49.63
Ahmedabad,Navrangpura,Apartment,2,3663,Semi-furnished,31,No,83.27
Ahmedabad,Navrangpura,Apartment,2,3582,Unfurnished,28,Yes,190.95
Ahmedabad,Navrangpura,Villa,4,3294,Semi-furnished,12,No,20.42
Surat,Pal,Independent House,4,1150,Unfurnished,8,No,123.92
Ahmedabad,Bopal,Villa,1,791,Semi-furnished,15,Yes,151.48
Surat,Piplod,Apartment,5,2661,Furnished,32,No,31.76
Surat,Althan,Apartment,5,2469,Semi-furnished,32,No,99.38
Surat,Piplod,Villa,3,4514,Unfurnished,20,Yes,118.15
Ahmedabad,Bopal,Apartment,4,3646,Furnished,33,Yes,55.97
Ahmedabad,Satellite,Independent House,5,1956,Unfurnished,14,Yes,13.78
Surat,Pal,Independent House,3,750,Unfurnished,27,Yes,184.75
Ahmedabad,SG Highway,Independent House,4,611,Furnished,16,No,123.53
Surat,Pal,Apartment,5,4006,Unfurnished,18,Yes,174.44
Ahmedabad,SG Highway,Villa,4,1157,Semi-furnished,4,Yes,13.81
Surat,Vesu,Villa,4,3891,Furnished,17,No,167.81
Surat,Althan,Independent House,2,822,Furnished,14,Yes,169.71
Surat,Piplod,Villa,4,3301,Unfurnished,20,Yes,65.29
Surat,Pal,Apartment,3,2259,Furnished,22,No,11.17
Ahmedabad,Bopal,Villa,5,2921,Unfurnished,32,No,22.9
Surat,Adajan,Independent House,3,1491,Semi-furnished,16,Yes,141.56
Ahmedabad,Bopal,Independent House,4,2619,Semi-furnished,5,Yes,19.23
Ahmedabad,Bopal,Apartment,3,530,Furnished,19,Yes,52.79
Surat,Pal,Apartment,2,4191,Unfurnished,11,Yes,174.14
Surat,Adajan,Villa,1,2357,Furnished,27,Yes,122.22
Ahmedabad,Satellite,Villa,3,4004,Furnished,27,No,175.73
Surat,Pal,Villa,2,3481,Semi-furnished,14,No,145.78
Ahmedabad,Gota,Villa,1,1484,Unfurnished,29,No,15.45
Surat,Adajan,Villa,4,1415,Semi-furnished,9,No,84.34
Ahmedabad,Gota,Apartment,3,4224,Furnished,33,No,55.83
Surat,Althan,Villa,2,1347,Unfurnished,11,No,135.34
Ahmedabad,SG Highway,Independent House,2,4197,Furnished,30,No,119.48
Ahmedabad,SG Highway,Independent House,5,3689,Semi-furnished,5,Yes,192.03
Surat,Vesu,Villa,5,3038,Semi-furnished,27,Yes,37.04
Ahmedabad,Navrangpura,Apartment,5,3181,Semi-furnished,33,Yes,47.46
Surat,Piplod,Apartment,5,3529,Unfurnished,20,Yes,159.98
Surat,Piplod,Independent House,1,1297,Semi-furnished,3,No,20.21
Surat,Althan,Apartment,1,2385,Unfurnished,35,No,41.54
Surat,Vesu,Independent House,4,3890,Furnished,7,No,103.67
Ahmedabad,Navrangpura,Independent House,4,1833,Furnished,12,No,102.77
Surat,Althan,Apartment,3,533,Furnished,31,No,92.54
Ahmedabad,Satellite,Independent House,2,792,Unfurnished,17,No,181.83
Ahmedabad,Satellite,Apartment,4,1920,Semi-furnished,35,Yes,113.37
Ahmedabad,Satellite,Apartment,2,1969,Furnished,19,Yes,188.14
Ahmedabad,Satellite,Apartment,4,1367,Furnished,31,Yes,71.07
Surat,Piplod,Villa,1,1682,Furnished,11,No,151.0
Ahmedabad,Navrangpura,Independent House,3,1235,Unfurnished,7,No,50.95
Surat,Althan,Villa,5,2982,Furnished,26,No,28.78
Surat,Vesu,Independent House,3,3618,Semi-furnished,5,Yes,190.79
Ahmedabad,Gota,Villa,1,2906,Unfurnished,13,No,26.79
Ahmedabad,Navrangpura,Independent House,5,1408,Semi-furnished,8,No,176.61
Surat,Vesu,Apartment,5,4199,Furnished,8,Yes,92.04
Ahmedabad,Navrangpura,Independent House,5,4123,Furnished,4,No,106.59
Surat,Vesu,Independent House,4,3046,Unfurnished,34,No,163.99
Ahmedabad,SG Highway,Apartment,1,3289,Unfurnished,33,No,79.48
Surat,Vesu,Apartment,2,807,Semi-furnished,11,No,174.88
Ahmedabad,Bopal,Independent House,4,2193,Unfurnished,12,No,187.3
Surat,Piplod,Apartment,1,2310,Semi-furnished,4,Yes,128.44
Ahmedabad,Navrangpura,Villa,1,4879,Furnished,12,No,65.27
Ahmedabad,Satellite,Independent House,4,3340,Unfurnished,29,Yes,181.52
Ahmedabad,Satellite,Apartment,2,2539,Semi-furnished,32,Yes,17.35
Surat,Althan,Villa,3,638,Unfurnished,11,Yes,191.52
Ahmedabad,Bopal,Independent House,4,1986,Unfurnished,10,Yes,36.44
Ahmedabad,Gota,Independent House,2,2849,Semi-furnished,34,Yes,33.06
Ahmedabad,Bopal,Independent House,2,3950,Unfurnished,9,No,140.03
Surat,Vesu,Apartment,4,3969,Unfurnished,21,No,119.87
Surat,Adajan,Apartment,2,1838,Unfurnished,2,Yes,107.88
Ahmedabad,Bopal,Villa,3,2311,Furnished,24,Yes,25.67
Ahmedabad,Bopal,Villa,5,507,Furnished,4,Yes,13.33
Ahmedabad,Navrangpura,Independent House,2,950,Semi-furnished,25,Yes,164.56
Surat,Pal,Independent House,1,4598,Semi-furnished,21,Yes,189.59
Ahmedabad,Navrangpura,Villa,2,1171,Semi-furnished,7,Yes,66.76
Surat,Pal,Apartment,3,3630,Furnished,24,No,32.48
Surat,Vesu,Apartment,4,3538,Semi-furnished,8,Yes,58.48
Ahmedabad,SG Highway,Villa,1,3501,Unfurnished,3,Yes,131.93
Surat,Althan,Independent House,3,4824,Unfurnished,12,No,127.78
Ahmedabad,SG Highway,Independent House,3,4079,Unfurnished,14,Yes,21.65
Surat,Piplod,Apartment,1,1640,Unfurnished,30,No,101.24
Ahmedabad,Gota,Villa,1,4468,Unfurnished,28,Yes,10.59
Ahmedabad,Gota,Independent House,3,2812,Furnished,31,No,47.14
Ahmedabad,Bopal,Independent House,2,4807,Furnished,3,Yes,71.87
Surat,Althan,Independent House,3,2364,Furnished,21,No,78.4
Surat,Althan,Villa,4,3827,Unfurnished,25,No,111.17
Ahmedabad,Gota,Independent House,1,1282,Furnished,31,No,149.99
Surat,Althan,Villa,1,882,Semi-furnished,18,No,82.12
Ahmedabad,Bopal,Villa,1,2326,Unfurnished,29,No,134.32
Ahmedabad,Navrangpura,Apartment,5,3991,Unfurnished,13,Yes,169.42
Surat,Adajan,Villa,5,1780,Furnished,9,No,39.3
Ahmedabad,Navrangpura,Independent House,5,2417,Semi-furnished,7,Yes,21.1
Ahmedabad,SG Highway,Villa,3,870,Furnished,15,No,119.37
Surat,Piplod,Independent House,4,1667,Semi-furnished,2,Yes,80.82
Ahmedabad,Navrangpura,Villa,4,3907,Furnished,8,Yes,114.77
Surat,Adajan,Apartment,2,2786,Unfurnished,7,No,189.48
Surat,Althan,Apartment,4,2273,Furnished,14,No,173.81
Ahmedabad,SG Highway,Apartment,1,3089,Semi-furnished,15,No,114.69
Surat,Adajan,Villa,5,2355,Unfurnished,16,No,11.07
Ahmedabad,Satellite,Villa,2,1464,Unfurnished,35,Yes,105.37
Ahmedabad,Navrangpura,Independent House,4,891,Furnished,32,No,45.87
Ahmedabad,SG Highway,Independent House,1,4273,Furnished,10,Yes,29.85
Ahmedabad,Satellite,Villa,1,886,Furnished,24,Yes,22.01
Ahmedabad,Gota,Apartment,5,2600,Furnished,12,No,161.96
Ahmedabad,Navrangpura,Apartment,5,2502,Furnished,5,Yes,127.64
Ahmedabad,Navrangpura,Villa,1,4512,Semi-furnished,11,Yes,67.22
Ahmedabad,Bopal,Villa,4,3096,Furnished,24,Yes,139.38
Ahmedabad,Bopal,Independent House,5,2934,Unfurnished,10,No,124.79
Surat,Adajan,Independent House,1,873,Semi-furnished,12,No,28.66
Surat,Althan,Independent House,5,2750,Semi-furnished,35,Yes,75.14
Surat,Althan,Villa,1,4948,Unfurnished,20,No,121.78
Ahmedabad,Satellite,Villa,2,1690,Furnished,20,Yes,160.88
Surat,Pal,Villa,3,4789,Semi-furnished,13,Yes,10.66
Ahmedabad,SG Highway,Villa,1,3012,Semi-furnished,24,No,174.88
Surat,Piplod,Villa,3,4241,Furnished,26,Yes,99.13
Ahmedabad,Satellite,Apartment,1,3836,Furnished,8,No,130.01
Surat,Pal,Villa,3,3710,Semi-furnished,13,No,188.51
Ahmedabad,Navrangpura,Independent House,5,3542,Furnished,11,No,194.53
Ahmedabad,Navrangpura,Independent House,2,2117,Semi-furnished,34,No,126.01
Surat,Pal,Independent House,2,720,Furnished,35,No,184.18
Surat,Vesu,Apartment,5,4085,Furnished,17,No,144.7
Surat,Piplod,Independent House,1,3359,Semi-furnished,11,Yes,127.65
Surat,Althan,Apartment,5,4693,Furnished,34,Yes,49.77
Ahmedabad,Bopal,Villa,3,4786,Unfurnished,30,Yes,162.2
Ahmedabad,Satellite,Villa,5,2459,Furnished,24,No,47.81
Ahmedabad,Gota,Independent House,3,3993,Unfurnished,3,No,37.93
Ahmedabad,Satellite,Apartment,4,2365,Semi-furnished,16,Yes,80.78
Ahmedabad,Satellite,Independent House,5,2301,Furnished,9,Yes,70.14
Ahmedabad,Satellite,Apartment,4,1327,Unfurnished,25,Yes,61.88
Surat,Althan,Villa,4,961,Unfurnished,28,No,147.41
Ahmedabad,Navrangpura,Apartment,1,1072,Semi-furnished,2,Yes,85.74
Surat,Adajan,Villa,5,2975,Unfurnished,21,No,101.5
Ahmedabad,Navrangpura,Independent House,2,4309,Furnished,16,Yes,169.87
Ahmedabad,Gota,Villa,1,2410,Semi-furnished,9,No,154.57
Ahmedabad,SG Highway,Villa,4,3320,Semi-furnished,28,Yes,95.04
Ahmedabad,Navrangpura,Independent House,4,745,Furnished,25,Yes,180.65
Ahmedabad,Satellite,Apartment,3,805,Unfurnished,31,No,199.41
Ahmedabad,Satellite,Apartment,3,1959,Semi-furnished,2,No,111.67
Surat,Vesu,Independent House,2,680,Unfurnished,29,No,31.22
Surat,Pal,Independent House,3,1858,Furnished,27,No,163.36
Surat,Althan,Independent House,5,1861,Unfurnished,33,Yes,151.99
Ahmedabad,Navrangpura,Villa,4,4347,Semi-furnished,31,No,189.59
Ahmedabad,Bopal,Independent House,2,597,Unfurnished,22,No,82.28
Ahmedabad,Navrangpura,Apartment,3,629,Semi-furnished,26,No,158.95
Surat,Pal,Independent House,2,4359,Furnished,15,Yes,155.79
Surat,Vesu,Independent House,5,4910,Furnished,35,No,94.06
Surat,Adajan,Independent House,4,583,Unfurnished,15,No,167.81
Ahmedabad,Bopal,Independent House,4,2991,Furnished,11,No,156.15
Surat,Piplod,Villa,3,2110,Semi-furnished,17,Yes,163.38
Ahmedabad,Navrangpura,Apartment,3,1913,Unfurnished,29,No,174.6
Ahmedabad,Bopal,Apartment,5,1406,Furnished,2,Yes,87.11
Surat,Adajan,Independent House,5,3368,Semi-furnished,30,No,148.95
Ahmedabad,SG Highway,Villa,1,2001,Unfurnished,27,No,62.58
Surat,Pal,Independent House,5,4432,Semi-furnished,23,Yes,72.89
Surat,Vesu,Villa,4,2210,Unfurnished,19,No,103.42
Surat,Vesu,Villa,2,1434,Semi-furnished,13,No,119.34
Surat,Althan,Independent House,2,2681,Unfurnished,24,Yes,54.14
Surat,Pal,Villa,1,926,Furnished,25,Yes,108.16
Surat,Vesu,Apartment,4,2817,Semi-furnished,4,No,61.07
Surat,Piplod,Independent House,4,3257,Unfurnished,32,No,14.58
Surat,Althan,Villa,3,2592,Furnished,34,Yes,70.91
Ahmedabad,Satellite,Apartment,5,2515,Semi-furnished,34,No,103.24
Surat,Pal,Villa,2,4203,Semi-furnished,23,No,159.76
Ahmedabad,Satellite,Apartment,5,4386,Unfurnished,4,No,45.38
Ahmedabad,Satellite,Independent House,2,1310,Semi-furnished,21,No,172.17
Surat,Vesu,Independent House,5,2482,Semi-furnished,27,No,51.5
Surat,Adajan,Apartment,2,3684,Unfurnished,7,No,93.4
Surat,Piplod,Independent House,4,2633,Unfurnished,19,No,131.58
Ahmedabad,Bopal,Apartment,3,4059,Unfurnished,28,Yes,26.58
Ahmedabad,Bopal,Apartment,1,977,Unfurnished,12,No,97.16
Ahmedabad,Gota,Independent House,4,4149,Semi-furnished,15,No,107.64
Surat,Althan,Apartment,2,1724,Semi-furnished,33,Yes,145.84
Ahmedabad,Bopal,Apartment,3,1176,Unfurnished,24,No,10.22
Surat,Adajan,Independent House,1,4678,Unfurnished,17,Yes,186.02
Surat,Adajan,Villa,1,2055,Unfurnished,10,Yes,197.76
Ahmedabad,Gota,Independent House,5,1679,Semi-furnished,10,No,90.81
Surat,Adajan,Independent House,5,1842,Furnished,11,Yes,10.62
Ahmedabad,Satellite,Independent House,5,3524,Semi-furnished,13,No,172.82
Ahmedabad,Bopal,Villa,4,1751,Semi-furnished,34,No,16.33
Surat,Vesu,Villa,5,2112,Furnished,28,No,112.88
Surat,Vesu,Villa,5,2648,Furnished,25,Yes,156.42
Surat,Adajan,Apartment,2,868,Furnished,15,No,59.02
Ahmedabad,SG Highway,Independent House,3,2794,Furnished,28,Yes,98.9
Surat,Piplod,Independent House,1,718,Semi-furnished,5,No,164.23
Ahmedabad,Bopal,Independent House,2,1531,Unfurnished,11,Yes,164.24
Ahmedabad,Bopal,Villa,2,3776,Unfurnished,22,No,33.87
Surat,Althan,Independent House,4,1844,Furnished,31,No,114.84
Ahmedabad,Gota,Villa,5,1801,Furnished,15,No,142.92
Ahmedabad,Bopal,Villa,1,1258,Unfurnished,5,No,110.67
Surat,Pal,Apartment,1,1723,Furnished,2,No,59.56
Ahmedabad,Gota,Villa,3,4517,Semi-furnished,6,No,21.5
Ahmedabad,Navrangpura,Apartment,3,1263,Semi-furnished,7,No,20.0
Surat,Pal,Apartment,5,2446,Semi-furnished,8,No,100.12
Ahmedabad,Gota,Villa,3,4718,Semi-furnished,7,No,30.53
Ahmedabad,Bopal,Villa,1,3021,Unfurnished,35,No,65.55
Ahmedabad,Bopal,Apartment,2,1201,Unfurnished,15,Yes,126.8
Ahmedabad,SG Highway,Apartment,3,2222,Unfurnished,13,Yes,96.92
Ahmedabad,Navrangpura,Independent House,4,1068,Semi-furnished,15,No,59.04
Ahmedabad,Satellite,Villa,2,2441,Furnished,12,No,132.25
Surat,Piplod,Independent House,3,4889,Unfurnished,14,No,136.02
Surat,Pal,Apartment,5,706,Unfurnished,7,Yes,47.1
Ahmedabad,Satellite,Independent House,3,3767,Furnished,28,Yes,37.72
Ahmedabad,Satellite,Villa,1,3254,Unfurnished,15,Yes,184.78
Ahmedabad,Bopal,Independent House,2,3444,Semi-furnished,5,Yes,189.12
Surat,Piplod,Villa,5,1545,Furnished,21,No,43.29
Ahmedabad,Bopal,Villa,1,2746,Semi-furnished,11,No,44.77
Ahmedabad,Satellite,Independent House,1,4785,Semi-furnished,30,No,95.72
Ahmedabad,Navrangpura,Apartment,5,3728,Unfurnished,2,No,39.4
Ahmedabad,Bopal,Apartment,1,4789,Unfurnished,26,No,173.94
Surat,Althan,Apartment,1,4953,Furnished,11,Yes,18.06
Surat,Althan,Villa,3,880,Semi-furnished,24,No,155.2
Ahmedabad,Navrangpura,Apartment,2,3560,Semi-furnished,24,No,15.04
Ahmedabad,Navrangpura,Independent House,5,4343,Unfurnished,7,Yes,138.82
Surat,Althan,Independent House,4,577,Furnished,25,Yes,22.42
Ahmedabad,Satellite,Villa,3,4949,Unfurnished,15,No,153.09
Surat,Pal,Independent House,3,3822,Unfurnished,19,No,62.64
Ahmedabad,Satellite,Villa,2,3075,Semi-furnished,26,Yes,87.42
Surat,Adajan,Villa,3,963,Unfurnished,24,Yes,102.07
Surat,Piplod,Apartment,2,4758,Unfurnished,16,No,80.45
Surat,Piplod,Villa,1,2157,Furnished,15,Yes,193.21
Surat,Piplod,Apartment,3,923,Semi-furnished,21,No,60.72
Ahmedabad,Navrangpura,Villa,5,3889,Semi-furnished,15,Yes,15.96
Surat,Althan,Apartment,4,4979,Furnished,22,Yes,10.43
Surat,Piplod,Apartment,4,1294,Semi-furnished,3,No,111.76
Ahmedabad,Gota,Independent House,4,3846,Semi-furnished,16,Yes,40.98
Ahmedabad,Satellite,Independent House,5,3432,Semi-furnished,10,Yes,86.77
Surat,Althan,Villa,2,2467,Unfurnished,30,No,71.23
Surat,Althan,Apartment,4,1054,Unfurnished,6,Yes,129.3
Ahmedabad,SG Highway,Apartment,5,2070,Semi-furnished,15,No,192.63
Ahmedabad,SG Highway,Villa,3,1513,Unfurnished,26,No,36.44
Ahmedabad,Satellite,Villa,3,2682,Semi-furnished,29,Yes,172.54
Surat,Pal,Apartment,4,4749,Semi-furnished,10,No,161.63
Ahmedabad,Bopal,Apartment,1,4548,Semi-furnished,16,Yes,159.23
Surat,Vesu,Apartment,3,3577,Unfurnished,19,Yes,173.53
Ahmedabad,Bopal,Independent House,5,1223,Semi-furnished,12,Yes,178.86
Ahmedabad,Bopal,Villa,2,4067,Furnished,3,Yes,151.52
Ahmedabad,Satellite,Villa,1,1250,Furnished,11,No,123.33
Surat,Piplod,Villa,1,2452,Semi-furnished,34,Yes,59.65
Ahmedabad,SG Highway,Villa,3,2270,Furnished,17,No,187.28
Ahmedabad,Gota,Independent House,2,655,Unfurnished,27,No,143.58
Ahmedabad,Bopal,Apartment,2,3483,Unfurnished,14,No,32.08
Ahmedabad,Gota,Apartment,4,4381,Furnished,15,No,193.52
Ahmedabad,Navrangpura,Apartment,3,4513,Semi-furnished,19,Yes,16.17
Ahmedabad,Navrangpura,Apartment,3,4609,Furnished,3,No,133.24
Ahmedabad,Navrangpura,Independent House,3,4268,Semi-furnished,11,No,110.03
Surat,Pal,Villa,3,3654,Unfurnished,8,Yes,162.46
Surat,Piplod,Villa,2,4607,Unfurnished,27,No,151.15
Surat,Pal,Apartment,5,2053,Unfurnished,11,No,183.28
Ahmedabad,Gota,Villa,3,2215,Unfurnished,31,No,61.97
Surat,Althan,Villa,5,2624,Semi-furnished,5,No,45.34
Ahmedabad,Navrangpura,Villa,1,4217,Semi-furnished,32,No,147.8
Surat,Adajan,Apartment,4,3817,Semi-furnished,14,No,57.04
Surat,Althan,Independent House,3,848,Furnished,22,No,27.13
Ahmedabad,SG Highway,Apartment,5,3455,Semi-furnished,16,No,160.56
Surat,Althan,Independent House,1,2391,Unfurnished,2,No,10.69
Ahmedabad,Navrangpura,Villa,5,830,Furnished,11,No,28.83
Ahmedabad,SG Highway,Villa,2,2973,Unfurnished,32,No,78.38
Ahmedabad,Satellite,Independent House,2,3402,Semi-furnished,12,Yes,85.05
Surat,Piplod,Villa,5,850,Furnished,17,No,40.8
Surat,Pal,Apartment,5,4435,Furnished,31,Yes,81.98
Surat,Althan,Independent House,4,3338,Semi-furnished,30,No,126.18
Ahmedabad,Satellite,Apartment,2,2554,Furnished,23,No,33.06
Ahmedabad,Navrangpura,Apartment,5,1276,Unfurnished,30,No,65.57
Ahmedabad,Bopal,Independent House,3,3634,Unfurnished,33,No,180.39
Ahmedabad,Gota,Villa,2,2951,Semi-furnished,16,Yes,70.77
Ahmedabad,SG Highway,Apartment,4,833,Furnished,24,Yes,127.34
Ahmedabad,SG Highway,Villa,1,3903,Furnished,16,Yes,47.59
Ahmedabad,Bopal,Independent House,1,4930,Furnished,26,Yes,36.91
Surat,Althan,Independent House,1,3225,Unfurnished,3,No,90.3
Surat,Adajan,Villa,2,1219,Furnished,7,No,114.04
Ahmedabad,SG Highway,Villa,5,2911,Furnished,34,Yes,173.05
Surat,Piplod,Independent House,2,989,Furnished,15,No,78.35
Surat,Althan,Independent House,4,2008,Semi-furnished,14,No,152.2
Surat,Pal,Independent House,1,2784,Semi-furnished,12,No,48.0
Surat,Althan,Independent House,1,1966,Semi-furnished,29,Yes,138.26
Surat,Adajan,Villa,4,1021,Unfurnished,6,No,78.07
Ahmedabad,Navrangpura,Apartment,2,1507,Unfurnished,32,No,103.66
Surat,Vesu,Apartment,3,3039,Furnished,28,Yes,150.61
Surat,Piplod,Villa,2,2393,Furnished,33,Yes,72.37
Ahmedabad,Bopal,Independent House,1,1911,Semi-furnished,22,Yes,101.84
Ahmedabad,Bopal,Apartment,2,861,Unfurnished,33,Yes,95.56
Ahmedabad,Navrangpura,Villa,4,2209,Furnished,21,No,160.08
Ahmedabad,Navrangpura,Independent House,2,1311,Unfurnished,26,No,194.75
Ahmedabad,Bopal,Villa,3,1602,Furnished,10,Yes,40.59
Surat,Pal,Villa,4,4569,Furnished,2,Yes,158.92
Surat,Piplod,Independent House,1,3499,Unfurnished,10,No,10.73
Ahmedabad,SG Highway,Apartment,1,4512,Unfurnished,7,No,101.0
Ahmedabad,Satellite,Apartment,4,715,Semi-furnished,10,No,91.96
Ahmedabad,Satellite,Villa,1,2836,Furnished,12,No,36.47
Surat,Vesu,Independent House,1,1245,Unfurnished,21,Yes,39.21
Surat,Adajan,Apartment,1,2686,Unfurnished,12,Yes,61.29
Surat,Althan,Independent House,1,2744,Unfurnished,8,Yes,131.51
Ahmedabad,Gota,Apartment,4,2573,Furnished,30,No,17.91
Surat,Althan,Villa,3,3387,Semi-furnished,26,No,171.78
Surat,Piplod,Villa,5,3522,Furnished,35,No,54.21
Surat,Vesu,Independent House,4,826,Semi-furnished,4,Yes,21.84
Surat,Piplod,Villa,5,2990,Semi-furnished,26,No,113.09
Ahmedabad,Satellite,Villa,1,3934,Unfurnished,18,No,38.3
Ahmedabad,Satellite,Independent House,1,723,Semi-furnished,30,No,42.94
Ahmedabad,Gota,Villa,2,3720,Semi-furnished,14,No,109.22
Surat,Vesu,Independent House,5,4417,Unfurnished,32,No,183.71
Ahmedabad,Bopal,Villa,2,4020,Furnished,32,No,123.76
Ahmedabad,Navrangpura,Villa,2,565,Semi-furnished,34,Yes,88.34
Surat,Piplod,Independent House,2,916,Furnished,20,Yes,199.47
Ahmedabad,SG Highway,Apartment,2,1979,Furnished,16,Yes,86.77
Surat,Adajan,Villa,1,3853,Furnished,6,Yes,156.45
Surat,Althan,Villa,1,3846,Unfurnished,16,No,169.98
Ahmedabad,Gota,Independent House,2,3134,Unfurnished,13,No,25.72
Ahmedabad,Bopal,Independent House,5,2472,Semi-furnished,4,No,197.0
Ahmedabad,SG Highway,Independent House,1,4631,Furnished,25,No,189.36
Surat,Althan,Villa,1,2149,Unfurnished,15,No,22.19
Ahmedabad,Gota,Apartment,5,2601,Unfurnished,8,No,18.4
Surat,Althan,Villa,5,2762,Unfurnished,33,No,93.99
Surat,Piplod,Independent House,4,1073,Unfurnished,26,Yes,194.01
Surat,Pal,Independent House,1,2303,Furnished,11,No,185.45
Surat,Vesu,Apartment,3,1840,Furnished,27,No,61.18
Ahmedabad,Satellite,Independent House,5,1914,Semi-furnished,28,Yes,115.47
Ahmedabad,Navrangpura,Apartment,2,1383,Furnished,31,Yes,157.25
Surat,Adajan,Apartment,4,4710,Semi-furnished,4,Yes,124.98
Surat,Pal,Independent House,5,3538,Furnished,6,Yes,58.13
Ahmedabad,Bopal,Villa,2,1474,Furnished,21,Yes,118.66
Ahmedabad,Satellite,Villa,3,2435,Unfurnished,33,Yes,187.63
Ahmedabad,Bopal,Villa,4,1177,Unfurnished,29,Yes,98.76
Ahmedabad,Bopal,Independent House,1,4987,Furnished,28,Yes,153.69
Ahmedabad,SG Highway,Independent House,2,4395,Semi-furnished,10,Yes,75.55
Ahmedabad,Bopal,Apartment,4,4661,Furnished,14,No,18.5
Surat,Piplod,Independent House,5,859,Semi-furnished,29,Yes,165.23
Ahmedabad,Gota,Villa,3,960,Semi-furnished,23,Yes,94.08
Surat,Piplod,Villa,2,2908,Unfurnished,23,No,14.38
Surat,Piplod,Villa,4,4919,Semi-furnished,23,No,94.31
Ahmedabad,Gota,Villa,3,2521,Furnished,10,Yes,190.43
Ahmedabad,Satellite,Villa,4,3260,Furnished,10,No,175.61
Ahmedabad,SG Highway,Villa,3,3919,Furnished,12,Yes,96.71
Ahmedabad,Gota,Apartment,3,3465,Furnished,30,No,58.59
Ahmedabad,SG Highway,Villa,2,4587,Semi-furnished,24,No,180.45
Surat,Althan,Independent House,1,739,Unfurnished,19,No,23.41
Surat,Piplod,Villa,1,3128,Furnished,4,Yes,162.98
Ahmedabad,Navrangpura,Independent House,5,507,Semi-furnished,12,Yes,68.32
Ahmedabad,SG Highway,Villa,1,2398,Semi-furnished,13,Yes,47.97
Surat,Vesu,Independent House,2,1116,Semi-furnished,11,Yes,81.52
Ahmedabad,SG Highway,Apartment,4,2157,Unfurnished,16,Yes,181.31
Surat,Adajan,Apartment,1,1167,Unfurnished,4,Yes,140.2
Ahmedabad,SG Highway,Independent House,4,4572,Unfurnished,28,No,118.44
Surat,Pal,Independent House,1,595,Furnished,19,No,150.05
Ahmedabad,Gota,Villa,4,1981,Furnished,27,Yes,30.74
Ahmedabad,Gota,Apartment,1,803,Furnished,4,No,135.48
Ahmedabad,Navrangpura,Villa,4,2606,Semi-furnished,22,No,141.36
Ahmedabad,SG Highway,Apartment,5,2260,Semi-furnished,13,No,125.41
Ahmedabad,Satellite,Villa,2,1599,Furnished,31,Yes,143.46
Ahmedabad,Navrangpura,Independent House,4,818,Semi-furnished,7,No,72.41
Surat,Pal,Independent House,2,1257,Semi-furnished,6,Yes,183.64
Ahmedabad,Gota,Villa,1,4578,Semi-furnished,9,No,37.64
Surat,Piplod,Apartment,2,1288,Semi-furnished,15,No,146.44
Ahmedabad,Navrangpura,Villa,5,3298,Semi-furnished,8,Yes,163.75
Ahmedabad,Gota,Villa,1,4399,Semi-furnished,21,No,124.68
Ahmedabad,Navrangpura,Independent House,5,3271,Unfurnished,35,No,63.38
Surat,Althan,Independent House,2,4278,Unfurnished,27,No,60.68
Ahmedabad,Navrangpura,Villa,1,4269,Furnished,13,No,87.19
Surat,Althan,Villa,1,3530,Semi-furnished,20,No,191.98
Ahmedabad,SG Highway,Apartment,5,2169,Unfurnished,5,Yes,57.13
Surat,Adajan,Independent House,3,2876,Unfurnished,6,No,61.02
Ahmedabad,Navrangpura,Independent House,1,4376,Furnished,3,Yes,119.17
Surat,Adajan,Independent House,3,1171,Semi-furnished,6,Yes,102.95
Ahmedabad,Satellite,Apartment,3,2049,Semi-furnished,34,No,192.94
Ahmedabad,Navrangpura,Apartment,5,4437,Semi-furnished,25,Yes,161.91
Surat,Althan,Apartment,5,4691,Furnished,15,No,26.34
Ahmedabad,Navrangpura,Independent House,5,1767,Unfurnished,5,No,35.9
Ahmedabad,Satellite,Apartment,5,996,Semi-furnished,27,No,166.34
Ahmedabad,SG Highway,Apartment,5,2974,Unfurnished,30,No,99.25
Ahmedabad,SG Highway,Independent House,1,656,Unfurnished,28,No,52.71
Ahmedabad,Navrangpura,Independent House,3,4087,Semi-furnished,5,No,36.31
Surat,Vesu,Villa,3,1163,Furnished,8,No,93.4
Surat,Adajan,Villa,3,4925,Unfurnished,4,No,66.41
Surat,Pal,Villa,3,2920,Semi-furnished,4,No,24.56
Surat,Althan,Villa,1,3035,Unfurnished,25,Yes,186.53
Surat,Piplod,Apartment,1,4665,Unfurnished,24,No,68.14
Surat,Pal,Villa,4,2299,Furnished,26,Yes,186.97
Surat,Piplod,Independent House,5,1188,Unfurnished,3,Yes,177.24
Ahmedabad,Navrangpura,Apartment,3,1102,Unfurnished,23,No,39.09
Ahmedabad,Satellite,Independent House,2,707,Furnished,5,No,88.13
Ahmedabad,Navrangpura,Independent House,2,4394,Semi-furnished,3,No,142.2
Surat,Vesu,Independent House,5,2428,Semi-furnished,7,Yes,158.67
Ahmedabad,Bopal,Independent House,1,3582,Unfurnished,23,Yes,112.21
Ahmedabad,Satellite,Villa,2,1972,Semi-furnished,21,Yes,156.44
Ahmedabad,SG Highway,Independent House,5,2419,Unfurnished,21,Yes,192.02
Ahmedabad,SG Highway,Apartment,1,4748,Semi-furnished,34,Yes,99.28
Ahmedabad,Satellite,Villa,4,720,Furnished,2,Yes,183.94
Ahmedabad,Bopal,Independent House,1,4844,Furnished,30,No,97.49
Surat,Adajan,Independent House,4,1560,Unfurnished,32,Yes,185.92
Surat,Adajan,Apartment,5,2455,Unfurnished,10,Yes,130.81
Surat,Vesu,Villa,3,4917,Unfurnished,35,No,110.11
Ahmedabad,Gota,Villa,2,4511,Semi-furnished,27,No,37.1
Surat,Althan,Apartment,2,3063,Furnished,24,Yes,176.23
Ahmedabad,Bopal,Apartment,2,4823,Semi-furnished,11,No,110.84
Surat,Piplod,Independent House,1,4226,Semi-furnished,7,Yes,170.93
Surat,Piplod,Villa,3,4273,Semi-furnished,26,No,68.58
Ahmedabad,Navrangpura,Apartment,3,2999,Furnished,15,No,168.79
Ahmedabad,Satellite,Independent House,1,1039,Semi-furnished,19,No,90.25
Surat,Piplod,Villa,4,3045,Furnished,27,No,105.16
Surat,Vesu,Independent House,5,1531,Semi-furnished,19,No,115.49
Ahmedabad,SG Highway,Independent House,4,3330,Furnished,15,No,193.92
Surat,Althan,Villa,4,1713,Unfurnished,5,No,193.98
Ahmedabad,Satellite,Villa,4,1361,Unfurnished,28,Yes,74.99
Ahmedabad,Navrangpura,Apartment,5,3402,Semi-furnished,25,No,58.08
Ahmedabad,SG Highway,Apartment,3,3666,Furnished,21,Yes,36.97
Surat,Vesu,Villa,3,2631,Unfurnished,31,Yes,68.2
Ahmedabad,SG Highway,Villa,5,1536,Semi-furnished,2,Yes,25.69
Ahmedabad,Gota,Independent House,2,670,Unfurnished,17,Yes,195.46
Surat,Althan,Independent House,2,3893,Furnished,31,No,199.67
Surat,Adajan,Independent House,2,1357,Furnished,31,No,89.68
Ahmedabad,Bopal,Villa,3,677,Unfurnished,32,Yes,105.74
Surat,Piplod,Independent House,5,2542,Semi-furnished,27,No,71.58
Surat,Adajan,Apartment,1,722,Semi-furnished,20,No,73.58
Surat,Pal,Independent House,5,4020,Furnished,28,Yes,165.61
Surat,Adajan,Villa,2,3192,Unfurnished,22,Yes,166.87
Ahmedabad,Bopal,Independent House,5,2015,Furnished,29,No,42.08
Ahmedabad,Gota,Independent House,1,3033,Furnished,21,Yes,136.7
Surat,Vesu,Villa,5,3127,Unfurnished,32,No,137.37
Surat,Vesu,Independent House,1,895,Unfurnished,21,Yes,59.34
Ahmedabad,SG Highway,Independent House,3,4914,Furnished,21,No,157.21
Surat,Althan,Independent House,5,1269,Unfurnished,29,No,172.18
Surat,Vesu,Independent House,3,4884,Furnished,17,No,92.53
Surat,Althan,Villa,5,4442,Furnished,15,Yes,115.31
Surat,Adajan,Villa,3,1816,Unfurnished,17,Yes,109.86
Ahmedabad,Gota,Villa,5,3442,Furnished,21,No,126.86
Surat,Pal,Independent House,3,3988,Unfurnished,13,No,180.99
Ahmedabad,Satellite,Apartment,3,2882,Furnished,16,Yes,161.37
Surat,Pal,Apartment,4,1876,Unfurnished,18,No,151.54
Surat,Pal,Villa,4,3113,Furnished,12,No,97.73
Surat,Pal,Villa,1,903,Furnished,14,No,195.7
Ahmedabad,Gota,Independent House,2,2083,Semi-furnished,12,No,188.56
Ahmedabad,SG Highway,Apartment,4,4436,Unfurnished,27,Yes,166.15
Ahmedabad,Satellite,Villa,1,4071,Unfurnished,16,Yes,17.76
Surat,Althan,Villa,5,3011,Semi-furnished,28,No,124.77
Surat,Althan,Apartment,3,1696,Semi-furnished,20,Yes,143.39
Ahmedabad,Bopal,Apartment,2,4896,Semi-furnished,5,Yes,121.68
Surat,Pal,Independent House,4,2867,Semi-furnished,8,No,123.29
Ahmedabad,Satellite,Apartment,2,3312,Unfurnished,25,No,160.78
Surat,Adajan,Independent House,3,1859,Unfurnished,2,Yes,42.51
Ahmedabad,SG Highway,Villa,3,2457,Unfurnished,13,No,82.51
Ahmedabad,SG Highway,Villa,1,3172,Semi-furnished,32,No,199.6
Ahmedabad,Bopal,Apartment,2,2350,Semi-furnished,16,No,39.56
Surat,Althan,Independent House,5,4611,Furnished,26,No,16.87
Surat,Pal,Apartment,3,2045,Unfurnished,5,Yes,48.8
Surat,Vesu,Villa,1,3924,Furnished,35,No,46.16
Surat,Adajan,Independent House,3,1607,Unfurnished,11,Yes,146.87
Surat,Althan,Villa,3,2940,Semi-furnished,18,No,98.93
Ahmedabad,Satellite,Independent House,5,4441,Furnished,24,Yes,133.23
Ahmedabad,SG Highway,Villa,2,4201,Unfurnished,13,No,14.06
Surat,Adajan,Apartment,5,4186,Furnished,17,No,116.48
Ahmedabad,Bopal,Independent House,4,3418,Semi-furnished,31,Yes,43.62
Surat,Vesu,Independent House,1,4788,Furnished,9,Yes,144.51
Surat,Pal,Independent House,3,4758,Semi-furnished,28,No,102.19
Surat,Althan,Villa,5,1287,Semi-furnished,14,Yes,126.95
Ahmedabad,Gota,Villa,2,4006,Unfurnished,7,Yes,90.31
Surat,Adajan,Apartment,2,4018,Semi-furnished,11,Yes,160.18
Surat,Adajan,Apartment,5,3556,Unfurnished,28,Yes,28.39
Surat,Adajan,Independent House,1,646,Unfurnished,27,Yes,18.99
Surat,Pal,Villa,4,4949,Furnished,24,Yes,117.51
Ahmedabad,Bopal,Apartment,1,3385,Unfurnished,10,No,158.79
Surat,Althan,Villa,2,1209,Semi-furnished,17,Yes,136.78
Surat,Vesu,Apartment,4,2761,Unfurnished,15,Yes,84.02
Surat,Althan,Apartment,3,3600,Furnished,9,Yes,86.96
Ahmedabad,SG Highway,Villa,2,982,Semi-furnished,12,Yes,43.6
Surat,Pal,Villa,2,3495,Semi-furnished,17,No,153.96
Surat,Althan,Apartment,3,4288,Furnished,27,No,82.38
Surat,Adajan,Independent House,4,2883,Unfurnished,25,No,166.01
Ahmedabad,Gota,Apartment,3,1187,Semi-furnished,23,Yes,130.02
Ahmedabad,Navrangpura,Apartment,2,2040,Unfurnished,35,No,186.66
Surat,Adajan,Apartment,1,869,Semi-furnished,22,No,108.4
Ahmedabad,Bopal,Apartment,1,3230,Furnished,29,Yes,79.39
Surat,Piplod,Apartment,2,829,Unfurnished,29,No,103.74
Ahmedabad,SG Highway,Villa,4,4703,Furnished,32,Yes,157.71
Ahmedabad,Bopal,Apartment,5,1238,Semi-furnished,24,Yes,49.62
Surat,Althan,Villa,1,4115,Semi-furnished,3,No,50.67
Ahmedabad,Satellite,Independent House,2,1679,Unfurnished,29,No,84.41
Ahmedabad,Gota,Villa,2,1522,Semi-furnished,2,Yes,13.38
Ahmedabad,Navrangpura,Apartment,1,1770,Semi-furnished,31,Yes,170.14
Surat,Pal,Apartment,4,3317,Furnished,19,No,141.95
Ahmedabad,Navrangpura,Independent House,1,1472,Furnished,17,Yes,125.63
Ahmedabad,SG Highway,Villa,4,2856,Furnished,10,Yes,171.98
Ahmedabad,SG Highway,Apartment,4,2477,Semi-furnished,32,No,169.34
Surat,Adajan,Villa,4,4415,Semi-furnished,3,Yes,192.39
Ahmedabad,SG Highway,Apartment,5,862,Semi-furnished,30,Yes,144.1
Surat,Vesu,Apartment,4,2417,Semi-furnished,2,No,193.66
Ahmedabad,Bopal,Villa,2,3583,Semi-furnished,14,Yes,53.83
Ahmedabad,Bopal,Independent House,4,570,Semi-furnished,7,No,89.93
Surat,Adajan,Independent House,2,1834,Unfurnished,10,Yes,184.36
Surat,Vesu,Apartment,1,4250,Furnished,14,Yes,20.47
Ahmedabad,Bopal,Villa,5,595,Unfurnished,6,No,184.84
Ahmedabad,Gota,Villa,5,4459,Semi-furnished,19,Yes,131.44
Surat,Pal,Villa,4,1073,Furnished,8,Yes,61.68
Ahmedabad,Navrangpura,Apartment,4,4549,Furnished,27,No,149.05
Surat,Adajan,Independent House,2,857,Furnished,19,No,180.32
Ahmedabad,Navrangpura,Independent House,5,958,Semi-furnished,24,No,58.54
Ahmedabad,Satellite,Independent House,1,4583,Unfurnished,25,No,85.87
Surat,Piplod,Independent House,2,4258,Furnished,23,No,130.5
Ahmedabad,SG Highway,Independent House,1,2493,Semi-furnished,6,Yes,31.3
Ahmedabad,Gota,Apartment,1,773,Semi-furnished,35,No,169.87
Surat,Piplod,Apartment,2,1100,Unfurnished,16,No,122.3
Ahmedabad,Navrangpura,Villa,4,2721,Furnished,29,Yes,174.36
Ahmedabad,Satellite,Independent House,5,4641,Unfurnished,24,No,105.95
Ahmedabad,Satellite,Independent House,4,1910,Semi-furnished,10,Yes,61.78
Surat,Althan,Independent House,5,572,Furnished,29,No,186.67
Ahmedabad,Bopal,Apartment,2,2352,Unfurnished,19,Yes,62.45
Surat,Piplod,Independent House,3,2441,Furnished,20,No,108.01
Surat,Adajan,Apartment,3,2543,Semi-furnished,24,Yes,198.87
Surat,Adajan,Apartment,4,2337,Semi-furnished,22,Yes,138.59
Surat,Althan,Apartment,5,3777,Semi-furnished,14,No,114.54
Ahmedabad,Bopal,Independent House,3,4980,Furnished,12,No,158.1
Ahmedabad,Gota,Independent House,4,4923,Semi-furnished,9,No,89.86
Surat,Vesu,Independent House,4,2078,Unfurnished,26,Yes,46.44
Ahmedabad,Gota,Apartment,5,558,Furnished,11,No,56.37
Surat,Adajan,Independent House,1,2690,Furnished,10,No,192.1
Surat,Althan,Apartment,1,4590,Semi-furnished,24,No,144.98
Surat,Piplod,Apartment,5,1729,Unfurnished,23,No,24.3
Ahmedabad,SG Highway,Apartment,5,1565,Unfurnished,32,Yes,18.7
Ahmedabad,Gota,Villa,4,2481,Unfurnished,18,Yes,113.12
Surat,Adajan,Independent House,2,1796,Unfurnished,18,No,90.76
Ahmedabad,Gota,Independent House,3,3365,Furnished,4,Yes,130.0
Surat,Vesu,Villa,2,4843,Furnished,10,No,97.86
Surat,Althan,Villa,3,1281,Semi-furnished,25,Yes,150.59
Ahmedabad,SG Highway,Villa,5,2118,Furnished,17,No,89.66
Ahmedabad,Satellite,Villa,3,4682,Furnished,32,Yes,88.16
Surat,Pal,Apartment,2,3148,Semi-furnished,33,No,149.23
Ahmedabad,Bopal,Apartment,2,4228,Semi-furnished,31,Yes,56.24
Ahmedabad,Bopal,Independent House,4,4364,Unfurnished,6,Yes,111.33
Ahmedabad,SG Highway,Apartment,5,2021,Furnished,15,No,116.69
Surat,Piplod,Apartment,5,1000,Semi-furnished,4,No,188.82
Ahmedabad,Satellite,Independent House,4,1311,Semi-furnished,2,Yes,131.99
Ahmedabad,Navrangpura,Apartment,2,2141,Unfurnished,31,No,12.48
Ahmedabad,Satellite,Independent House,1,1342,Furnished,24,No,89.39
Surat,Althan,Apartment,4,4682,Semi-furnished,21,No,69.01
Surat,Vesu,Apartment,1,550,Unfurnished,6,No,83.8
Ahmedabad,Gota,Independent House,3,2731,Unfurnished,31,Yes,145.64
Surat,Vesu,Villa,1,862,Unfurnished,14,Yes,144.18
Ahmedabad,Bopal,Independent House,4,4337,Unfurnished,31,No,71.27
Ahmedabad,Bopal,Apartment,3,4058,Unfurnished,25,No,16.03
Ahmedabad,Navrangpura,Villa,2,1490,Unfurnished,7,No,170.57
Ahmedabad,Gota,Villa,5,2367,Unfurnished,18,No,114.81
Surat,Adajan,Apartment,1,1215,Unfurnished,23,Yes,191.37
Surat,Pal,Independent House,5,4311,Unfurnished,25,Yes,172.53
Surat,Pal,Independent House,1,3918,Semi-furnished,12,No,49.26
Ahmedabad,Bopal,Apartment,3,2918,Unfurnished,33,Yes,196.44
Ahmedabad,Bopal,Apartment,1,4735,Semi-furnished,8,No,186.17
Surat,Adajan,Apartment,2,4553,Semi-furnished,35,No,103.86
Ahmedabad,Navrangpura,Independent House,4,3107,Furnished,10,Yes,111.47
Ahmedabad,Bopal,Independent House,3,2032,Furnished,25,Yes,45.26
Surat,Pal,Apartment,5,3719,Unfurnished,17,Yes,190.74
Surat,Pal,Villa,2,1199,Semi-furnished,2,Yes,115.33
Surat,Vesu,Apartment,5,3016,Semi-furnished,22,Yes,180.74
Surat,Althan,Villa,5,959,Semi-furnished,22,Yes,113.8
Ahmedabad,SG Highway,Apartment,5,1755,Furnished,13,Yes,37.96
Ahmedabad,Navrangpura,Independent House,1,3304,Semi-furnished,18,Yes,24.97
Ahmedabad,Satellite,Independent House,4,2552,Unfurnished,19,No,161.7
Surat,Pal,Independent House,1,2224,Furnished,4,Yes,93.77
Surat,Althan,Apartment,3,3667,Furnished,9,Yes,73.45
Ahmedabad,Satellite,Independent House,5,3214,Unfurnished,11,Yes,93.48
Ahmedabad,SG Highway,Apartment,3,1112,Semi-furnished,33,Yes,192.29
Ahmedabad,Gota,Villa,1,4686,Furnished,28,Yes,64.3
Ahmedabad,Satellite,Independent House,5,4515,Furnished,30,No,96.04
Surat,Piplod,Villa,3,1058,Semi-furnished,2,Yes,91.29
Surat,Pal,Apartment,5,2092,Semi-furnished,19,Yes,100.34
Ahmedabad,Gota,Apartment,1,2271,Furnished,33,Yes,13.13
Surat,Althan,Independent House,1,2793,Furnished,2,Yes,181.97
Ahmedabad,Satellite,Independent House,5,4772,Semi-furnished,29,No,53.45
Surat,Althan,Villa,3,2362,Unfurnished,20,No,164.88
Surat,Vesu,Apartment,1,3483,Semi-furnished,18,No,175.46
Ahmedabad,Satellite,Independent House,3,1937,Furnished,28,Yes,141.28
Surat,Piplod,Apartment,4,4967,Unfurnished,30,No,15.86
Surat,Vesu,Apartment,2,1716,Furnished,30,Yes,57.51
Ahmedabad,Satellite,Apartment,5,2393,Furnished,9,No,97.05
Surat,Althan,Independent House,2,1935,Semi-furnished,19,No,120.51
Ahmedabad,SG Highway,Independent House,5,657,Furnished,7,Yes,85.15
Ahmedabad,Gota,Apartment,3,1722,Semi-furnished,17,No,196.69
Surat,Pal,Apartment,1,3550,Furnished,21,No,177.84
Ahmedabad,Satellite,Independent House,1,3121,Semi-furnished,28,Yes,107.07
Surat,Pal,Apartment,2,1401,Semi-furnished,2,No,48.21
Surat,Vesu,Villa,2,572,Unfurnished,23,No,43.35
Ahmedabad,Gota,Apartment,2,1329,Semi-furnished,9,No,142.31
Ahmedabad,Bopal,Independent House,3,3281,Unfurnished,3,Yes,118.58
Surat,Althan,Villa,2,2297,Furnished,28,No,154.69
Surat,Althan,Apartment,2,4652,Unfurnished,5,Yes,145.58
Ahmedabad,SG Highway,Villa,3,1441,Furnished,17,Yes,171.92
Ahmedabad,Satellite,Apartment,5,1348,Furnished,5,Yes,146.05
Surat,Pal,Apartment,1,2414,Semi-furnished,6,Yes,128.18
Ahmedabad,Gota,Villa,2,4182,Semi-furnished,33,No,157.7
Ahmedabad,Gota,Villa,3,2982,Unfurnished,29,No,180.55
Surat,Adajan,Independent House,5,4200,Furnished,35,Yes,29.5
Surat,Pal,Villa,3,3572,Semi-furnished,5,No,177.49
Ahmedabad,Bopal,Apartment,4,1710,Furnished,7,Yes,174.71
Ahmedabad,Navrangpura,Independent House,2,4373,Furnished,15,Yes,186.42
Ahmedabad,SG Highway,Villa,1,742,Unfurnished,13,Yes,146.53
Surat,Adajan,Apartment,5,1364,Furnished,20,No,154.26
Ahmedabad,Gota,Independent House,1,3634,Semi-furnished,12,Yes,90.33
Surat,Adajan,Villa,4,2296,Semi-furnished,34,Yes,174.94
Ahmedabad,Satellite,Villa,3,4028,Semi-furnished,8,Yes,66.06
Ahmedabad,SG Highway,Villa,2,2824,Semi-furnished,28,Yes,61.49
Surat,Althan,Villa,4,2344,Semi-furnished,3,No,64.13
Ahmedabad,SG Highway,Villa,1,1117,Semi-furnished,28,No,20.61
Ahmedabad,Navrangpura,Villa,4,841,Unfurnished,22,No,44.51
Surat,Piplod,Apartment,4,3745,Furnished,16,No,85.5
Surat,Althan,Villa,4,1432,Furnished,28,Yes,59.49
Surat,Adajan,Independent House,3,1066,Furnished,28,No,14.66
Surat,Adajan,Apartment,5,1135,Unfurnished,21,Yes,70.74
Surat,Pal,Independent House,5,1953,Furnished,28,No,59.51
Surat,Adajan,Villa,5,4326,Furnished,19,No,197.24
Ahmedabad,Satellite,Villa,5,1901,Semi-furnished,9,No,49.98
Ahmedabad,Navrangpura,Independent House,2,4000,Unfurnished,8,Yes,173.01
Surat,Vesu,Independent House,5,3236,Semi-furnished,9,No,194.41
Surat,Adajan,Apartment,2,2380,Unfurnished,9,No,92.65
Ahmedabad,Bopal,Apartment,5,4915,Furnished,20,Yes,159.78
Surat,Adajan,Independent House,5,4941,Semi-furnished,19,No,130.51
Surat,Althan,Independent House,4,1482,Unfurnished,3,Yes,165.77
Surat,Piplod,Villa,1,1024,Unfurnished,22,No,39.55
Surat,Pal,Villa,4,4916,Unfurnished,24,Yes,172.09
Surat,Pal,Independent House,4,2330,Unfurnished,26,Yes,70.26
Ahmedabad,Navrangpura,Apartment,3,1264,Semi-furnished,17,No,32.53
Surat,Piplod,Villa,1,4689,Furnished,15,No,120.93
Ahmedabad,Bopal,Independent House,3,1994,Unfurnished,32,No,16.57
Ahmedabad,Bopal,Independent House,3,2523,Unfurnished,7,Yes,24.9
Surat,Pal,Independent House,3,4924,Unfurnished,8,No,116.61
Ahmedabad,SG Highway,Apartment,4,4733,Furnished,8,No,163.74
Ahmedabad,Satellite,Independent House,5,3779,Furnished,24,No,109.26
Ahmedabad,Gota,Villa,4,2825,Furnished,18,No,194.45
Ahmedabad,Navrangpura,Independent House,5,1781,Unfurnished,8,No,95.75
Surat,Adajan,Independent House,5,4570,Semi-furnished,29,No,57.08
Ahmedabad,SG Highway,Independent House,1,3650,Furnished,24,No,50.21
Surat,Adajan,Independent House,1,1331,Semi-furnished,14,No,122.77
Surat,Adajan,Villa,2,1605,Unfurnished,31,Yes,29.06
Ahmedabad,Navrangpura,Independent House,3,2926,Unfurnished,33,Yes,26.62
Surat,Vesu,Apartment,4,1329,Semi-furnished,27,No,97.29
Ahmedabad,Gota,Villa,5,4931,Unfurnished,9,Yes,37.27
Surat,Adajan,Apartment,4,3748,Semi-furnished,29,No,61.97
Ahmedabad,Gota,Villa,3,1412,Semi-furnished,4,No,83.89
Surat,Piplod,Independent House,1,4119,Semi-furnished,34,No,108.95
Surat,Vesu,Villa,4,4407,Furnished,15,No,73.02
Surat,Vesu,Independent House,2,1681,Unfurnished,29,Yes,128.44
Surat,Althan,Apartment,4,1206,Semi-furnished,16,Yes,34.81
Surat,Pal,Apartment,1,4544,Semi-furnished,6,Yes,90.33
Ahmedabad,SG Highway,Independent House,1,2910,Furnished,9,No,73.9
Surat,Piplod,Independent House,5,2470,Unfurnished,9,Yes,86.89
Ahmedabad,Gota,Villa,3,1620,Furnished,8,No,12.41
Ahmedabad,Satellite,Independent House,1,1289,Semi-furnished,24,Yes,71.53
Surat,Piplod,Apartment,5,4292,Furnished,3,No,60.45
Surat,Althan,Independent House,1,1020,Unfurnished,10,Yes,18.23
Ahmedabad,Satellite,Apartment,2,1667,Semi-furnished,10,Yes,161.8
Surat,Althan,Villa,3,1314,Furnished,6,No,199.76
Surat,Piplod,Apartment,2,2656,Furnished,6,No,79.6
Surat,Vesu,Independent House,4,1618,Furnished,31,No,37.25
Ahmedabad,Bopal,Villa,5,2660,Semi-furnished,18,No,182.61
Surat,Vesu,Villa,5,1689,Unfurnished,22,No,126.09
Surat,Pal,Independent House,2,1041,Unfurnished,19,Yes,188.52
Surat,Vesu,Apartment,2,3640,Semi-furnished,27,Yes,191.26
Surat,Adajan,Villa,5,2925,Furnished,4,No,138.8
Surat,Piplod,Villa,2,4216,Semi-furnished,6,No,46.6
Ahmedabad,Bopal,Independent House,4,1557,Semi-furnished,10,No,139.5
Surat,Althan,Villa,5,2877,Furnished,34,Yes,196.13
Ahmedabad,Gota,Apartment,5,3775,Semi-furnished,28,No,164.96
Surat,Adajan,Villa,3,1019,Unfurnished,30,Yes,118.61
Ahmedabad,Gota,Apartment,2,2837,Unfurnished,10,No,192.4
Ahmedabad,SG Highway,Villa,5,3734,Unfurnished,11,No,136.19
Surat,Piplod,Independent House,3,1894,Unfurnished,28,Yes,54.85
Ahmedabad,Navrangpura,Villa,1,4275,Furnished,21,Yes,128.4
Ahmedabad,Gota,Apartment,2,1635,Semi-furnished,35,Yes,147.26
Ahmedabad,Satellite,Independent House,1,1473,Semi-furnished,20,Yes,129.76
Surat,Adajan,Villa,2,1611,Semi-furnished,4,Yes,143.65
Ahmedabad,Navrangpura,Villa,3,1605,Unfurnished,23,Yes,190.51
Ahmedabad,SG Highway,Villa,4,3976,Unfurnished,15,Yes,95.18
Surat,Adajan,Apartment,3,3236,Furnished,23,Yes,129.04
Ahmedabad,Gota,Villa,3,539,Furnished,32,Yes,127.62
Surat,Althan,Villa,2,3080,Furnished,19,No,183.87
Ahmedabad,SG Highway,Apartment,2,2866,Semi-furnished,11,No,186.12
Ahmedabad,Gota,Villa,2,3184,Unfurnished,16,No,139.49
Surat,Adajan,Independent House,2,2375,Unfurnished,16,Yes,126.76
Ahmedabad,SG Highway,Independent House,1,1427,Semi-furnished,11,No,196.93
Surat,Pal,Apartment,2,2551,Furnished,15,Yes,175.49
Ahmedabad,Navrangpura,Independent House,3,2637,Furnished,32,No,152.67
Ahmedabad,Gota,Villa,3,1835,Furnished,5,No,53.43
Surat,Vesu,Independent House,3,704,Furnished,20,Yes,82.09
Ahmedabad,Gota,Apartment,1,2116,Unfurnished,11,Yes,67.73
Surat,Piplod,Apartment,4,4981,Semi-furnished,30,No,11.53
Ahmedabad,Navrangpura,Apartment,2,1086,Semi-furnished,2,No,173.43
Surat,Pal,Independent House,2,1280,Semi-furnished,2,Yes,126.72
Ahmedabad,Bopal,Villa,4,1847,Semi-furnished,13,Yes,76.49
Ahmedabad,Gota,Villa,1,3731,Unfurnished,24,Yes,91.66
Ahmedabad,Satellite,Independent House,5,2086,Semi-furnished,2,Yes,97.49
Surat,Pal,Independent House,3,4399,Unfurnished,3,No,31.53
Ahmedabad,Gota,Apartment,4,801,Semi-furnished,24,No,66.02
Surat,Piplod,Villa,5,4584,Unfurnished,19,Yes,157.07
Ahmedabad,Gota,Independent House,3,3013,Unfurnished,21,Yes,73.8
Surat,Vesu,Villa,1,1558,Furnished,16,No,102.75
Surat,Pal,Independent House,2,3579,Furnished,6,No,28.18
Ahmedabad,SG Highway,Independent House,2,1124,Semi-furnished,26,No,113.27
Surat,Piplod,Independent House,1,2870,Unfurnished,5,No,77.31
Ahmedabad,SG Highway,Apartment,4,3702,Furnished,25,No,186.91
Surat,Althan,Independent House,5,561,Unfurnished,27,No,103.12
Surat,Althan,Independent House,5,4783,Unfurnished,20,Yes,46.52
Surat,Piplod,Villa,3,886,Furnished,13,No,68.48
Ahmedabad,Navrangpura,Independent House,5,4873,Furnished,33,No,97.7
Surat,Piplod,Independent House,4,1647,Unfurnished,3,No,35.15
Ahmedabad,Gota,Apartment,5,3965,Furnished,8,No,193.2
Ahmedabad,Navrangpura,Apartment,5,1892,Furnished,9,No,127.06
Ahmedabad,Gota,Independent House,3,1815,Unfurnished,29,No,69.26
Surat,Pal,Villa,3,3010,Unfurnished,11,No,28.01
Surat,Althan,Apartment,3,2549,Unfurnished,32,No,130.79
Ahmedabad,Navrangpura,Apartment,4,4520,Unfurnished,22,Yes,86.02
Surat,Piplod,Apartment,4,4525,Unfurnished,30,No,91.17
Ahmedabad,Bopal,Villa,2,4841,Unfurnished,11,No,153.15
Surat,Adajan,Independent House,5,2022,Furnished,7,No,73.72
Ahmedabad,SG Highway,Villa,3,1892,Furnished,24,Yes,60.37
Ahmedabad,Satellite,Independent House,2,2371,Furnished,32,No,118.67
Surat,Vesu,Apartment,3,4836,Furnished,12,Yes,97.82
Surat,Pal,Apartment,2,3518,Unfurnished,21,No,81.5
Ahmedabad,SG Highway,Villa,5,1498,Furnished,27,No,126.26
Ahmedabad,Satellite,Apartment,1,1147,Semi-furnished,33,No,54.62
Surat,Althan,Apartment,2,779,Semi-furnished,9,No,131.15
Ahmedabad,Navrangpura,Apartment,3,4107,Furnished,7,No,105.46
Surat,Vesu,Villa,3,4078,Semi-furnished,23,Yes,138.59
Ahmedabad,Satellite,Independent House,4,1557,Semi-furnished,33,No,147.52
Surat,Vesu,Apartment,4,4982,Furnished,23,Yes,189.96
Surat,Piplod,Villa,2,1261,Unfurnished,22,Yes,32.58
Ahmedabad,Bopal,Villa,2,3862,Furnished,12,No,83.33
Ahmedabad,Navrangpura,Independent House,4,1103,Unfurnished,3,Yes,150.7
Surat,Vesu,Apartment,4,4203,Semi-furnished,17,Yes,170.23
Surat,Adajan,Apartment,5,1903,Unfurnished,10,Yes,48.47
Ahmedabad,Satellite,Villa,2,1870,Furnished,31,No,134.7
Surat,Pal,Apartment,5,4518,Semi-furnished,30,Yes,169.47
Ahmedabad,SG Highway,Independent House,1,2818,Semi-furnished,7,No,118.86
Ahmedabad,SG Highway,Independent House,5,2530,Semi-furnished,29,Yes,135.1
Ahmedabad,SG Highway,Villa,2,2587,Semi-furnished,30,Yes,154.32
Surat,Althan,Villa,5,4521,Semi-furnished,9,No,185.24
Surat,Adajan,Villa,4,3879,Unfurnished,34,No,98.09
Surat,Piplod,Apartment,1,2136,Semi-furnished,8,No,118.63
Ahmedabad,Gota,Villa,5,3121,Semi-furnished,22,No,115.78
Ahmedabad,Navrangpura,Apartment,1,4472,Unfurnished,13,No,151.08
Ahmedabad,Gota,Independent House,5,2586,Unfurnished,14,Yes,140.48
Ahmedabad,Satellite,Independent House,1,2352,Furnished,7,No,65.77
Surat,Vesu,Independent House,1,3778,Semi-furnished,23,Yes,73.87
Surat,Vesu,Apartment,3,1213,Furnished,14,Yes,76.01
Ahmedabad,Navrangpura,Independent House,1,1409,Unfurnished,24,Yes,39.08
Ahmedabad,Gota,Independent House,4,3485,Furnished,7,Yes,195.88
Surat,Pal,Independent House,4,1315,Furnished,2,No,164.01
Surat,Vesu,Independent House,3,2783,Furnished,32,Yes,78.67
Ahmedabad,Navrangpura,Apartment,2,3786,Furnished,25,Yes,145.34
Ahmedabad,Satellite,Apartment,1,4006,Semi-furnished,24,Yes,71.3
Surat,Pal,Independent House,3,4499,Furnished,15,No,85.13
Ahmedabad,Satellite,Independent House,1,2134,Furnished,28,Yes,115.95
Surat,Piplod,Villa,5,2073,Furnished,29,No,104.17
Surat,Pal,Apartment,4,3736,Unfurnished,15,No,20.07
Surat,Vesu,Independent House,5,520,Furnished,4,No,156.41
Surat,Adajan,Villa,4,4486,Unfurnished,7,No,24.22
Ahmedabad,SG Highway,Apartment,2,3042,Semi-furnished,4,Yes,82.71
Surat,Adajan,Independent House,4,3698,Furnished,33,Yes,88.52
Surat,Althan,Apartment,1,1707,Furnished,27,Yes,35.27
Ahmedabad,SG Highway,Villa,2,668,Furnished,4,Yes,158.31
Surat,Althan,Independent House,2,4814,Unfurnished,18,Yes,81.37
Ahmedabad,Satellite,Apartment,3,2307,Semi-furnished,18,No,153.12
Ahmedabad,Satellite,Villa,3,1561,Unfurnished,13,No,91.16
Surat,Vesu,Independent House,4,1634,Furnished,21,No,36.87
Ahmedabad,SG Highway,Villa,1,4568,Semi-furnished,19,Yes,128.94
Ahmedabad,Navrangpura,Villa,1,1461,Unfurnished,19,No,100.65
Surat,Piplod,Apartment,5,1923,Unfurnished,5,No,98.23
Ahmedabad,Gota,Apartment,1,976,Unfurnished,25,Yes,12.06
Surat,Vesu,Villa,2,805,Furnished,33,No,80.53
Ahmedabad,SG Highway,Independent House,2,2541,Furnished,19,No,76.84
Surat,Adajan,Apartment,4,2281,Furnished,3,No,119.53
Surat,Vesu,Apartment,3,1100,Unfurnished,7,Yes,100.73
Surat,Vesu,Independent House,4,3321,Semi-furnished,23,Yes,134.16
Surat,Pal,Villa,4,2889,Furnished,18,No,93.72
Surat,Pal,Villa,2,1229,Furnished,33,No,128.3
Ahmedabad,Satellite,Apartment,5,1014,Unfurnished,6,Yes,78.67
Surat,Vesu,Apartment,4,4697,Unfurnished,10,No,13.96
Surat,Piplod,Apartment,2,2414,Furnished,23,Yes,154.48
Surat,Piplod,Villa,1,4813,Unfurnished,25,No,89.75
Ahmedabad,Gota,Apartment,1,2684,Unfurnished,5,Yes,154.79
Ahmedabad,Satellite,Villa,5,4571,Furnished,8,Yes,186.42
Ahmedabad,Gota,Independent House,4,4349,Unfurnished,31,No,20.48
Ahmedabad,SG Highway,Villa,2,3516,Unfurnished,26,Yes,197.25
Surat,Piplod,Apartment,5,949,Semi-furnished,18,No,37.83
Ahmedabad,Gota,Apartment,2,613,Unfurnished,25,Yes,171.57
Ahmedabad,SG Highway,Villa,2,756,Semi-furnished,23,Yes,160.79
Ahmedabad,Navrangpura,Apartment,2,3406,Furnished,32,Yes,96.03
Surat,Piplod,Apartment,1,1926,Semi-furnished,9,No,17.26
Ahmedabad,Navrangpura,Apartment,2,4936,Semi-furnished,13,No,20.04
Surat,Adajan,Independent House,2,965,Unfurnished,25,Yes,164.84
Surat,Pal,Villa,1,1601,Furnished,25,Yes,97.84
Surat,Vesu,Villa,5,1242,Unfurnished,18,Yes,106.68
Ahmedabad,SG Highway,Villa,4,2144,Unfurnished,30,Yes,100.3
Surat,Vesu,Villa,3,3443,Semi-furnished,19,No,178.67
Surat,Adajan,Villa,5,2760,Furnished,8,Yes,54.39
Surat,Pal,Apartment,4,3733,Unfurnished,23,No,14.3
Ahmedabad,Bopal,Independent House,5,709,Furnished,13,No,151.63
Surat,Pal,Apartment,3,986,Furnished,24,No,61.42
Ahmedabad,Satellite,Independent House,2,1497,Unfurnished,31,No,41.25
Ahmedabad,Bopal,Independent House,2,1971,Unfurnished,6,No,91.79
Ahmedabad,Gota,Villa,1,3842,Unfurnished,32,Yes,184.08
Surat,Piplod,Villa,5,4302,Semi-furnished,4,No,56.43
Ahmedabad,Bopal,Independent House,1,2059,Furnished,32,Yes,21.74
Ahmedabad,Gota,Apartment,3,4375,Furnished,6,Yes,83.4
Ahmedabad,Bopal,Villa,3,1657,Unfurnished,27,No,38.76
Ahmedabad,Gota,Villa,3,3215,Unfurnished,29,Yes,46.94
Surat,Piplod,Independent House,5,2158,Furnished,30,Yes,68.81
Surat,Pal,Independent House,3,2935,Furnished,15,No,99.77
Ahmedabad,Navrangpura,Villa,3,1286,Furnished,11,No,89.81
Ahmedabad,Satellite,Independent House,2,1394,Semi-furnished,29,No,129.54
Ahmedabad,Satellite,Apartment,5,4736,Furnished,26,No,146.93
Surat,Vesu,Apartment,3,4624,Unfurnished,20,No,60.09
Ahmedabad,Satellite,Villa,1,1720,Semi-furnished,12,No,140.37
Ahmedabad,Satellite,Apartment,4,3217,Semi-furnished,32,No,174.45
Ahmedabad,SG Highway,Apartment,2,3484,Furnished,4,No,85.48
Ahmedabad,Navrangpura,Apartment,1,4863,Semi-furnished,34,No,195.08
Ahmedabad,Gota,Apartment,2,2718,Furnished,25,Yes,143.44
Ahmedabad,Bopal,Villa,4,2227,Furnished,3,No,73.58
Ahmedabad,Satellite,Villa,3,1380,Semi-furnished,19,No,91.04
Surat,Adajan,Independent House,3,4062,Semi-furnished,9,No,46.59
Ahmedabad,Satellite,Apartment,4,551,Furnished,29,Yes,145.06
Ahmedabad,Gota,Apartment,4,1714,Furnished,8,Yes,24.57
Ahmedabad,Navrangpura,Villa,2,4870,Semi-furnished,11,No,55.19
Surat,Adajan,Villa,2,2220,Unfurnished,25,Yes,36.06
Ahmedabad,Gota,Villa,3,2567,Semi-furnished,8,Yes,199.06
Ahmedabad,Gota,Independent House,4,2804,Semi-furnished,20,No,83.91
Ahmedabad,Navrangpura,Apartment,1,4328,Furnished,14,Yes,12.58
Ahmedabad,Bopal,Villa,4,4571,Furnished,23,Yes,56.3
Ahmedabad,Gota,Villa,5,2723,Furnished,17,Yes,104.05
Ahmedabad,Bopal,Independent House,1,3572,Unfurnished,18,No,38.7
Surat,Piplod,Apartment,1,3465,Furnished,27,No,101.48
Surat,Althan,Independent House,5,3773,Furnished,20,No,128.4
Ahmedabad,Bopal,Independent House,5,2887,Semi-furnished,4,Yes,101.03
Ahmedabad,SG Highway,Villa,1,1012,Unfurnished,16,Yes,40.75
Surat,Pal,Villa,1,578,Semi-furnished,12,Yes,19.8
Ahmedabad,Satellite,Apartment,4,4760,Furnished,5,Yes,75.17
Ahmedabad,Bopal,Independent House,1,3973,Semi-furnished,22,No,45.81
Ahmedabad,Satellite,Independent House,2,3097,Unfurnished,18,Yes,12.98
Surat,Vesu,Apartment,3,4173,Semi-furnished,19,Yes,87.76
Ahmedabad,SG Highway,Apartment,2,1550,Unfurnished,4,Yes,98.55
Ahmedabad,Bopal,Apartment,5,3332,Semi-furnished,23,Yes,112.69
Surat,Piplod,Apartment,4,2745,Unfurnished,28,Yes,145.45
Surat,Althan,Apartment,5,2891,Furnished,11,No,176.23
Ahmedabad,Bopal,Villa,2,2864,Furnished,11,No,150.58
Surat,Pal,Villa,3,1898,Furnished,18,Yes,196.19
Ahmedabad,Navrangpura,Villa,3,2352,Unfurnished,18,Yes,25.66
Ahmedabad,Satellite,Villa,3,2317,Semi-furnished,8,No,62.81
Surat,Piplod,Independent House,5,1316,Unfurnished,16,No,92.2
Surat,Piplod,Villa,3,3067,Furnished,12,No,157.9
Surat,Piplod,Independent House,2,544,Furnished,24,No,67.85
Surat,Adajan,Villa,3,3732,Semi-furnished,35,No,35.02
Surat,Vesu,Independent House,3,1883,Semi-furnished,3,No,28.23
Surat,Pal,Villa,4,3968,Unfurnished,17,No,155.73
Surat,Piplod,Independent House,1,1842,Furnished,7,Yes,84.51
Ahmedabad,Gota,Independent House,5,1646,Semi-furnished,11,Yes,95.34
Surat,Vesu,Villa,4,4871,Unfurnished,11,Yes,116.97
Surat,Pal,Villa,4,3909,Semi-furnished,34,Yes,165.39
Surat,Althan,Independent House,2,960,Semi-furnished,33,No,119.68
Ahmedabad,SG Highway,Independent House,1,3557,Furnished,31,No,108.1
Ahmedabad,Gota,Villa,3,1077,Furnished,18,Yes,128.56
Surat,Vesu,Apartment,5,2013,Furnished,24,No,96.43
Surat,Althan,Apartment,1,2780,Semi-furnished,23,Yes,140.35
Ahmedabad,Navrangpura,Apartment,1,4333,Unfurnished,3,No,135.82
Ahmedabad,SG Highway,Apartment,3,2696,Semi-furnished,28,Yes,14.5
Surat,Althan,Apartment,3,4520,Semi-furnished,34,No,169.15
Ahmedabad,SG Highway,Villa,3,2238,Unfurnished,33,No,117.28
Ahmedabad,Satellite,Villa,3,2436,Furnished,17,Yes,38.31
Ahmedabad,Satellite,Villa,2,2368,Furnished,23,No,59.17
Surat,Piplod,Villa,3,3166,Unfurnished,14,Yes,47.96
Surat,Vesu,Apartment,1,700,Unfurnished,6,No,65.88
Ahmedabad,Bopal,Independent House,5,4197,Furnished,30,Yes,72.36
Surat,Adajan,Villa,3,4321,Furnished,8,No,74.7
Surat,Piplod,Apartment,5,3912,Semi-furnished,15,No,119.45
Ahmedabad,Bopal,Independent House,3,4954,Furnished,27,Yes,18.64
Ahmedabad,Satellite,Villa,4,1202,Semi-furnished,19,No,189.51
Ahmedabad,Bopal,Villa,4,1188,Semi-furnished,7,No,103.99
Ahmedabad,Navrangpura,Independent House,4,1201,Unfurnished,33,Yes,13.85
Ahmedabad,Satellite,Independent House,5,2278,Unfurnished,2,No,101.22
Ahmedabad,Bopal,Apartment,1,4493,Semi-furnished,18,No,183.7
Ahmedabad,SG Highway,Villa,5,3172,Unfurnished,19,No,69.82
Surat,Althan,Independent House,1,916,Semi-furnished,7,No,70.92
Surat,Vesu,Independent House,3,1355,Furnished,11,No,106.94
Ahmedabad,Bopal,Apartment,2,3336,Semi-furnished,4,Yes,22.28
Ahmedabad,Gota,Villa,4,3113,Semi-furnished,5,No,33.19
Surat,Piplod,Villa,5,3801,Unfurnished,7,No,25.04
Surat,Piplod,Independent House,3,1694,Unfurnished,30,Yes,197.74
Surat,Vesu,Independent House,5,3453,Unfurnished,10,No,117.82
Ahmedabad,Navrangpura,Apartment,1,1447,Furnished,14,Yes,14.44
Ahmedabad,Satellite,Villa,2,4315,Unfurnished,12,No,26.53
Surat,Vesu,Villa,1,4482,Unfurnished,33,Yes,178.46
Ahmedabad,Satellite,Villa,2,845,Unfurnished,25,Yes,178.24
Ahmedabad,Navrangpura,Independent House,3,1853,Semi-furnished,18,No,87.99
Surat,Piplod,Apartment,5,1218,Unfurnished,19,No,58.63
Ahmedabad,SG Highway,Villa,1,4034,Semi-furnished,31,No,160.96
Surat,Vesu,Apartment,4,4065,Furnished,9,No,19.37
Surat,Adajan,Villa,3,4955,Unfurnished,27,Yes,33.32
Surat,Pal,Independent House,1,4155,Furnished,17,Yes,65.49
Surat,Pal,Independent House,1,1695,Unfurnished,16,No,126.76
Ahmedabad,Gota,Independent House,4,1296,Semi-furnished,4,No,187.17
Surat,Althan,Villa,5,4742,Furnished,31,Yes,37.23
Ahmedabad,Navrangpura,Apartment,3,4740,Semi-furnished,30,Yes,65.85
Ahmedabad,SG Highway,Independent House,2,1035,Unfurnished,5,Yes,147.28
Ahmedabad,Gota,Independent House,5,2555,Furnished,5,No,109.09
Surat,Piplod,Apartment,1,1332,Semi-furnished,15,Yes,150.09
Surat,Vesu,Villa,4,2582,Furnished,12,Yes,90.74
Surat,Adajan,Villa,4,2578,Furnished,23,No,93.22
Ahmedabad,Bopal,Villa,1,610,Unfurnished,32,Yes,184.4
Surat,Piplod,Independent House,2,4855,Furnished,34,Yes,62.81
Surat,Adajan,Apartment,5,2495,Furnished,25,Yes,103.17
Ahmedabad,Bopal,Apartment,3,4627,Unfurnished,12,No,191.57
Surat,Pal,Independent House,2,2187,Furnished,32,Yes,186.04
Ahmedabad,Bopal,Apartment,3,4920,Unfurnished,32,No,157.77
Ahmedabad,Satellite,Apartment,4,4250,Unfurnished,27,Yes,105.2
Ahmedabad,Gota,Apartment,5,2485,Unfurnished,9,Yes,96.57
Surat,Vesu,Independent House,2,3463,Furnished,24,Yes,37.23
Surat,Adajan,Apartment,2,3265,Unfurnished,22,Yes,140.24
Surat,Vesu,Independent House,1,1228,Semi-furnished,26,No,28.53
Ahmedabad,Satellite,Apartment,3,1222,Furnished,27,No,163.68
Surat,Pal,Villa,4,2060,Furnished,24,Yes,137.08
Surat,Pal,Independent House,3,3085,Semi-furnished,20,No,131.9
Surat,Pal,Apartment,3,1304,Semi-furnished,24,Yes,10.62
Ahmedabad,SG Highway,Villa,5,3473,Furnished,19,Yes,183.72
Surat,Vesu,Apartment,5,2176,Semi-furnished,5,Yes,78.32
Surat,Vesu,Apartment,4,2651,Semi-furnished,3,Yes,183.02
Ahmedabad,Satellite,Villa,4,3906,Furnished,10,Yes,106.65
Surat,Vesu,Independent House,1,2589,Semi-furnished,28,No,178.24
Surat,Vesu,Villa,2,3766,Semi-furnished,34,No,165.97
Surat,Althan,Villa,3,2867,Semi-furnished,16,No,166.54
Surat,Piplod,Villa,1,2298,Unfurnished,14,No,186.88
Ahmedabad,Gota,Independent House,5,1395,Unfurnished,8,No,140.0
Ahmedabad,Navrangpura,Independent House,3,903,Furnished,29,No,192.63
Surat,Pal,Apartment,1,2629,Semi-furnished,25,Yes,23.48
Ahmedabad,Bopal,Apartment,5,4328,Furnished,22,Yes,48.06
Ahmedabad,Bopal,Villa,5,4415,Unfurnished,33,No,155.02
Ahmedabad,SG Highway,Apartment,4,4591,Unfurnished,28,No,61.13
Surat,Althan,Apartment,3,2076,Furnished,33,No,24.45
Ahmedabad,Satellite,Independent House,3,819,Unfurnished,26,Yes,138.31
Surat,Adajan,Villa,2,5000,Furnished,3,Yes,91.5
Ahmedabad,SG Highway,Villa,4,2128,Semi-furnished,34,No,59.36
Ahmedabad,Navrangpura,Apartment,4,2119,Semi-furnished,30,Yes,142.0
Surat,Vesu,Villa,3,4068,Unfurnished,32,Yes,181.58
Surat,Althan,Villa,1,2852,Unfurnished,35,No,50.23
Surat,Adajan,Apartment,2,2319,Furnished,19,No,164.92
Ahmedabad,SG Highway,Apartment,3,931,Unfurnished,6,No,19.68
Ahmedabad,SG Highway,Independent House,4,4135,Unfurnished,34,Yes,164.64
Ahmedabad,Gota,Apartment,5,3902,Unfurnished,14,No,100.32
Ahmedabad,Bopal,Apartment,3,865,Furnished,30,Yes,153.15
Surat,Adajan,Villa,5,4816,Unfurnished,32,Yes,91.96
Ahmedabad,SG Highway,Villa,1,504,Unfurnished,30,No,132.24
Surat,Althan,Independent House,3,956,Unfurnished,10,No,57.26
Ahmedabad,Satellite,Independent House,2,3851,Semi-furnished,30,No,61.64
Surat,Adajan,Villa,5,3280,Semi-furnished,34,No,26.84
Surat,Althan,Independent House,5,4532,Semi-furnished,6,No,141.08
Ahmedabad,SG Highway,Villa,5,3736,Semi-furnished,4,Yes,184.2
Ahmedabad,Bopal,Independent House,3,1426,Furnished,14,No,183.29
Surat,Vesu,Apartment,5,3847,Semi-furnished,29,Yes,171.47
Ahmedabad,SG Highway,Independent House,1,2097,Semi-furnished,13,No,176.09
Surat,Althan,Villa,3,4417,Semi-furnished,25,Yes,71.15
Ahmedabad,Satellite,Apartment,4,4849,Furnished,24,Yes,169.96
Surat,Vesu,Villa,1,3537,Semi-furnished,12,Yes,64.05
Surat,Pal,Independent House,1,4793,Semi-furnished,35,Yes,170.29
Surat,Althan,Apartment,5,3662,Semi-furnished,29,No,14.98
Ahmedabad,Satellite,Independent House,1,994,Furnished,11,No,190.93
Ahmedabad,Navrangpura,Apartment,2,1721,Semi-furnished,32,Yes,78.38
Ahmedabad,Navrangpura,Apartment,5,2773,Semi-furnished,31,No,153.65
Ahmedabad,Navrangpura,Villa,3,692,Semi-furnished,35,Yes,89.04
Surat,Althan,Independent House,4,2519,Semi-furnished,13,Yes,89.46
Surat,Pal,Villa,3,2011,Furnished,30,No,93.0
Surat,Vesu,Apartment,1,3221,Furnished,20,No,85.11
Surat,Pal,Villa,4,3659,Furnished,27,No,191.99
Surat,Althan,Villa,1,3790,Unfurnished,35,No,97.3
Surat,Althan,Independent House,5,4150,Furnished,7,Yes,134.49
Ahmedabad,SG Highway,Apartment,3,2887,Unfurnished,8,No,30.91
Ahmedabad,Navrangpura,Independent House,4,4199,Furnished,15,No,115.51
Ahmedabad,Satellite,Independent House,4,4709,Furnished,10,No,168.47
Surat,Pal,Independent House,5,1326,Semi-furnished,4,Yes,47.84
Surat,Adajan,Apartment,1,3514,Furnished,32,No,165.38
Ahmedabad,Satellite,Villa,3,3940,Unfurnished,10,No,192.81
Ahmedabad,Satellite,Independent House,1,3205,Unfurnished,19,No,15.67
Surat,Adajan,Independent House,2,1332,Unfurnished,35,No,50.16
Ahmedabad,SG Highway,Villa,4,3933,Unfurnished,3,Yes,57.08
Surat,Piplod,Independent House,3,1123,Furnished,6,Yes,146.03
Ahmedabad,Satellite,Independent House,4,1720,Semi-furnished,15,Yes,118.57
Ahmedabad,SG Highway,Villa,5,1453,Unfurnished,35,No,186.56
Surat,Althan,Villa,2,2217,Semi-furnished,8,No,60.03
Ahmedabad,Navrangpura,Independent House,1,3568,Unfurnished,19,No,25.78
Ahmedabad,SG Highway,Independent House,4,1018,Semi-furnished,24,No,137.92
Surat,Piplod,Villa,1,2815,Unfurnished,30,No,130.63
Surat,Pal,Apartment,2,1754,Furnished,16,Yes,118.72
Surat,Vesu,Apartment,2,4457,Semi-furnished,15,Yes,43.26
Ahmedabad,Navrangpura,Villa,2,728,Furnished,34,No,37.68
Ahmedabad,Gota,Apartment,3,4952,Furnished,12,No,46.99
Ahmedabad,Navrangpura,Villa,1,2665,Semi-furnished,19,No,98.04
Surat,Pal,Villa,4,2099,Semi-furnished,12,No,15.21
Ahmedabad,Gota,Apartment,3,3675,Unfurnished,16,No,14.61
Ahmedabad,Navrangpura,Independent House,4,933,Furnished,28,Yes,160.88
Surat,Vesu,Apartment,1,1644,Semi-furnished,4,No,19.86
Ahmedabad,SG Highway,Villa,5,4275,Semi-furnished,4,No,23.57
Ahmedabad,Navrangpura,Villa,4,3733,Semi-furnished,25,No,84.65
Surat,Pal,Independent House,5,4964,Furnished,32,No,189.05
Ahmedabad,Gota,Villa,5,2991,Furnished,21,Yes,22.88
Surat,Piplod,Apartment,1,3600,Semi-furnished,22,No,22.96
Ahmedabad,Satellite,Villa,4,1630,Furnished,27,No,86.84
Ahmedabad,Navrangpura,Independent House,2,2788,Unfurnished,14,Yes,134.5
Surat,Adajan,Apartment,1,3227,Semi-furnished,12,Yes,86.54
Ahmedabad,Gota,Apartment,2,2326,Unfurnished,32,No,49.5
Ahmedabad,Satellite,Independent House,2,3831,Semi-furnished,17,No,79.64
Ahmedabad,Bopal,Villa,3,1828,Furnished,2,Yes,60.64
Ahmedabad,Satellite,Independent House,5,3012,Semi-furnished,11,Yes,13.47
Surat,Piplod,Apartment,3,3898,Unfurnished,18,No,94.41
Ahmedabad,SG Highway,Independent House,2,1609,Semi-furnished,10,No,46.91
Surat,Piplod,Independent House,3,2300,Unfurnished,35,No,178.38
Ahmedabad,SG Highway,Villa,2,3540,Unfurnished,33,Yes,96.22
Surat,Adajan,Villa,3,4852,Furnished,13,Yes,175.98
Surat,Vesu,Apartment,5,3068,Unfurnished,26,No,123.64
Ahmedabad,Bopal,Villa,1,4457,Unfurnished,25,No,26.82
Ahmedabad,Satellite,Independent House,2,4653,Furnished,25,No,70.81
Ahmedabad,Bopal,Independent House,1,2923,Semi-furnished,30,No,174.39
Surat,Althan,Apartment,5,1834,Semi-furnished,33,Yes,93.3
Surat,Pal,Independent House,4,1509,Unfurnished,18,No,95.97
Ahmedabad,Satellite,Villa,5,1526,Semi-furnished,15,Yes,33.25
Ahmedabad,Satellite,Villa,2,4414,Semi-furnished,23,No,195.3
Surat,Althan,Independent House,2,4651,Semi-furnished,23,No,80.77
Ahmedabad,Bopal,Villa,5,3565,Semi-furnished,18,No,176.73
Ahmedabad,SG Highway,Villa,4,1894,Furnished,23,No,165.07
Ahmedabad,Bopal,Villa,4,4251,Furnished,16,Yes,188.31
Ahmedabad,Gota,Apartment,4,3279,Semi-furnished,28,No,85.65
Ahmedabad,Satellite,Apartment,1,627,Furnished,11,Yes,44.52
Ahmedabad,Navrangpura,Independent House,5,2782,Semi-furnished,23,Yes,124.0
Surat,Althan,Villa,2,1679,Semi-furnished,7,Yes,68.16
Surat,Piplod,Independent House,4,908,Furnished,5,No,165.4
Ahmedabad,Navrangpura,Apartment,3,697,Unfurnished,9,Yes,49.32
Surat,Pal,Independent House,3,1981,Unfurnished,11,No,53.46
Ahmedabad,Bopal,Villa,5,4721,Semi-furnished,24,Yes,103.02
Surat,Pal,Independent House,2,3635,Unfurnished,33,No,159.86
Surat,Adajan,Villa,1,2499,Semi-furnished,10,Yes,39.09
Ahmedabad,SG Highway,Independent House,1,715,Semi-furnished,16,Yes,123.09
Surat,Vesu,Independent House,1,3546,Furnished,21,No,96.78
Ahmedabad,Gota,Villa,2,4219,Unfurnished,21,No,144.0
Surat,Adajan,Villa,2,799,Furnished,9,Yes,65.96
Surat,Piplod,Villa,2,3800,Semi-furnished,13,No,15.84
Ahmedabad,Bopal,Apartment,4,3311,Semi-furnished,11,No,174.23
Surat,Adajan,Apartment,5,4025,Unfurnished,26,No,107.99
Surat,Althan,Apartment,2,4510,Unfurnished,14,No,120.25
Surat,Piplod,Villa,4,4328,Unfurnished,19,Yes,20.27
Ahmedabad,SG Highway,Apartment,5,785,Semi-furnished,8,Yes,83.57
Ahmedabad,Gota,Apartment,3,3190,Unfurnished,17,Yes,191.24
Ahmedabad,Gota,Villa,3,2409,Semi-furnished,16,Yes,103.67
Ahmedabad,Bopal,Villa,1,4414,Unfurnished,15,No,68.34
Surat,Vesu,Villa,3,2145,Semi-furnished,32,No,165.71
Ahmedabad,SG Highway,Villa,5,4277,Furnished,5,Yes,123.22
Surat,Pal,Independent House,3,4115,Unfurnished,25,Yes,67.96
Ahmedabad,SG Highway,Apartment,3,1781,Unfurnished,34,No,149.09
Ahmedabad,Satellite,Villa,3,1102,Furnished,10,No,133.49
Ahmedabad,SG Highway,Villa,5,1630,Unfurnished,16,No,149.6
Surat,Vesu,Independent House,5,801,Unfurnished,13,No,142.61
Surat,Piplod,Apartment,1,3711,Semi-furnished,35,No,38.73
Ahmedabad,SG Highway,Independent House,3,2987,Semi-furnished,31,No,116.31
Ahmedabad,SG Highway,Apartment,3,2713,Furnished,34,No,65.92
Ahmedabad,Satellite,Villa,2,2908,Furnished,27,No,99.15
Surat,Vesu,Villa,5,2981,Unfurnished,20,Yes,94.47
Surat,Adajan,Independent House,1,2921,Semi-furnished,25,No,41.72
Surat,Piplod,Apartment,1,797,Unfurnished,25,Yes,62.63
Ahmedabad,Satellite,Apartment,4,3288,Unfurnished,5,Yes,65.99
Ahmedabad,Bopal,Villa,4,1569,Unfurnished,29,No,149.39
Ahmedabad,Gota,Apartment,1,1767,Furnished,16,Yes,54.27
Ahmedabad,Navrangpura,Apartment,3,1010,Unfurnished,2,No,139.31
Surat,Pal,Independent House,4,3447,Furnished,14,No,79.95
Surat,Adajan,Apartment,4,2347,Semi-furnished,15,Yes,136.62
Ahmedabad,Gota,Apartment,4,4132,Furnished,32,No,82.21
Surat,Pal,Apartment,2,1577,Semi-furnished,25,Yes,152.62
Ahmedabad,SG Highway,Villa,1,3679,Semi-furnished,3,Yes,148.58
Ahmedabad,SG Highway,Villa,3,930,Unfurnished,6,Yes,108.12
Surat,Piplod,Apartment,4,4771,Furnished,17,No,23.64
Ahmedabad,Navrangpura,Villa,5,1565,Unfurnished,27,Yes,192.82
Ahmedabad,Satellite,Independent House,2,1150,Unfurnished,35,Yes,104.7
Ahmedabad,Satellite,Independent House,3,4200,Unfurnished,8,Yes,173.55
Ahmedabad,Satellite,Independent House,5,2434,Semi-furnished,18,Yes,54.08
Ahmedabad,Gota,Independent House,2,4173,Furnished,10,No,112.07
Surat,Piplod,Apartment,4,580,Semi-furnished,9,Yes,144.63
Surat,Adajan,Villa,4,3832,Unfurnished,29,Yes,24.39
Surat,Althan,Villa,5,1310,Semi-furnished,34,No,59.29
Surat,Adajan,Apartment,2,3560,Furnished,14,No,117.29
Surat,Adajan,Independent House,5,4568,Semi-furnished,14,Yes,58.93
Surat,Pal,Independent House,2,3038,Semi-furnished,3,Yes,91.3
Ahmedabad,SG Highway,Villa,5,2583,Furnished,10,Yes,173.12
Ahmedabad,SG Highway,Villa,2,886,Semi-furnished,21,Yes,25.5
Surat,Vesu,Villa,3,3387,Semi-furnished,8,No,168.55
Surat,Vesu,Independent House,5,2872,Semi-furnished,27,Yes,158.67
Surat,Piplod,Independent House,5,4971,Furnished,30,No,36.81
Ahmedabad,Bopal,Independent House,4,2175,Unfurnished,24,Yes,75.07
Ahmedabad,Satellite,Villa,4,1287,Unfurnished,13,No,43.53
Surat,Pal,Villa,3,2617,Semi-furnished,25,Yes,150.68
Ahmedabad,SG Highway,Villa,4,4507,Semi-furnished,32,Yes,170.88
Surat,Piplod,Villa,4,3663,Unfurnished,13,No,92.1
Surat,Adajan,Independent House,3,704,Furnished,21,Yes,121.54
Ahmedabad,Satellite,Apartment,1,4921,Semi-furnished,25,No,186.1
Ahmedabad,SG Highway,Independent House,5,1659,Furnished,16,Yes,102.81
Ahmedabad,Satellite,Villa,4,4643,Unfurnished,25,No,91.83
Ahmedabad,Navrangpura,Villa,5,1229,Unfurnished,23,No,75.26
Ahmedabad,SG Highway,Independent House,2,4150,Semi-furnished,14,No,26.96
Surat,Althan,Independent House,4,4563,Unfurnished,11,Yes,81.76
Ahmedabad,Navrangpura,Villa,4,824,Semi-furnished,16,Yes,17.03
Surat,Althan,Independent House,4,1625,Furnished,28,No,76.11
Surat,Althan,Villa,5,4888,Furnished,15,Yes,27.14
Ahmedabad,Navrangpura,Apartment,3,2865,Unfurnished,14,Yes,55.2
Surat,Adajan,Apartment,2,956,Furnished,14,No,142.56
Surat,Pal,Villa,3,2274,Unfurnished,34,No,80.94
Surat,Vesu,Apartment,5,2801,Unfurnished,17,No,69.84
Surat,Pal,Apartment,1,3472,Unfurnished,11,Yes,133.35
Surat,Adajan,Villa,1,2639,Unfurnished,33,No,64.12
Surat,Adajan,Apartment,3,585,Furnished,26,No,92.25
Surat,Adajan,Apartment,1,4421,Unfurnished,10,Yes,190.5
Ahmedabad,Bopal,Villa,2,4045,Unfurnished,4,No,184.61
Ahmedabad,SG Highway,Independent House,1,3894,Semi-furnished,35,Yes,199.19
Surat,Althan,Villa,3,3942,Unfurnished,23,No,141.68
Surat,Piplod,Villa,3,4015,Unfurnished,11,No,37.95
Ahmedabad,SG Highway,Villa,1,2015,Unfurnished,2,No,198.06
Ahmedabad,Bopal,Villa,4,3308,Unfurnished,31,No,105.83
Surat,Vesu,Independent House,3,3845,Furnished,15,No,122.04
Surat,Pal,Independent House,4,4889,Semi-furnished,14,Yes,189.77
Ahmedabad,Satellite,Villa,4,530,Unfurnished,8,No,110.58
Ahmedabad,Gota,Independent House,3,3920,Semi-furnished,4,Yes,194.12
Ahmedabad,Gota,Villa,5,2339,Unfurnished,10,No,79.93
Surat,Althan,Independent House,1,954,Furnished,22,No,127.86
Surat,Vesu,Apartment,2,2176,Semi-furnished,27,Yes,185.05
Ahmedabad,Navrangpura,Villa,4,3847,Semi-furnished,2,Yes,85.52
Ahmedabad,Navrangpura,Independent House,3,2331,Unfurnished,20,No,83.87
Ahmedabad,Navrangpura,Apartment,3,2462,Unfurnished,17,No,125.23
Ahmedabad,Bopal,Apartment,1,4984,Unfurnished,13,No,114.79
Surat,Piplod,Villa,5,1774,Furnished,29,No,38.41
Surat,Adajan,Independent House,4,2309,Unfurnished,35,Yes,144.96
Surat,Adajan,Villa,1,4549,Unfurnished,6,Yes,77.18
Surat,Vesu,Villa,3,2732,Semi-furnished,12,Yes,36.4
Surat,Adajan,Villa,2,1159,Furnished,20,No,166.98
Surat,Pal,Villa,2,1313,Semi-furnished,14,No,82.76
Ahmedabad,Navrangpura,Apartment,3,2010,Unfurnished,15,Yes,179.26
Surat,Vesu,Villa,2,1418,Furnished,19,Yes,27.79
Ahmedabad,Bopal,Independent House,5,4650,Furnished,13,Yes,20.65
Surat,Adajan,Independent House,3,3644,Semi-furnished,3,Yes,130.23
Surat,Adajan,Villa,4,1962,Semi-furnished,33,Yes,40.26
Surat,Piplod,Independent House,2,4956,Semi-furnished,29,No,54.7
Ahmedabad,Navrangpura,Apartment,3,2930,Unfurnished,17,No,155.57
Ahmedabad,Satellite,Villa,3,2629,Semi-furnished,32,Yes,164.35
Surat,Althan,Villa,2,2039,Furnished,9,Yes,99.92
Ahmedabad,Gota,Villa,5,2726,Semi-furnished,14,Yes,82.74
Ahmedabad,SG Highway,Villa,2,1120,Semi-furnished,12,Yes,154.85
Surat,Pal,Villa,3,1779,Furnished,8,Yes,74.48
Ahmedabad,SG Highway,Villa,3,4540,Furnished,4,No,159.14
Ahmedabad,Gota,Independent House,2,1483,Unfurnished,32,Yes,140.72
Surat,Pal,Apartment,4,2768,Unfurnished,15,Yes,84.1
Ahmedabad,Navrangpura,Independent House,1,3572,Furnished,33,Yes,164.7
Ahmedabad,Gota,Independent House,4,4841,Semi-furnished,20,No,197.79
Surat,Piplod,Independent House,2,3667,Furnished,31,Yes,110.11
Surat,Adajan,Apartment,3,3363,Semi-furnished,24,Yes,48.38
Surat,Pal,Independent House,2,3383,Furnished,32,No,155.69
Surat,Adajan,Independent House,4,3947,Furnished,8,No,39.11
Surat,Piplod,Independent House,2,2524,Unfurnished,23,Yes,56.84
Ahmedabad,SG Highway,Villa,5,2666,Semi-furnished,34,No,67.67
Surat,Vesu,Villa,2,631,Unfurnished,5,Yes,68.96
Surat,Vesu,Independent House,5,1188,Semi-furnished,35,No,175.97
Surat,Pal,Independent House,5,4408,Semi-furnished,21,Yes,168.36
Surat,Althan,Independent House,3,3770,Semi-furnished,4,Yes,111.93
Ahmedabad,Navrangpura,Independent House,5,4772,Furnished,2,Yes,132.28
Ahmedabad,Satellite,Villa,3,2760,Unfurnished,31,No,57.88
Surat,Adajan,Villa,4,1126,Furnished,20,No,155.86
Surat,Piplod,Apartment,5,2370,Furnished,12,Yes,127.21
Ahmedabad,Bopal,Villa,2,3967,Semi-furnished,33,No,178.55
Surat,Vesu,Apartment,1,3517,Semi-furnished,29,Yes,167.99
Ahmedabad,Satellite,Villa,4,1141,Unfurnished,23,Yes,43.92
Ahmedabad,Navrangpura,Apartment,4,986,Unfurnished,9,No,178.23
Surat,Althan,Independent House,1,3641,Unfurnished,35,Yes,131.65
Ahmedabad,SG Highway,Apartment,1,4201,Furnished,26,Yes,37.56
Surat,Adajan,Apartment,4,1152,Unfurnished,6,No,191.94
Ahmedabad,Navrangpura,Villa,5,2069,Unfurnished,9,Yes,109.35
Surat,Adajan,Villa,1,1875,Semi-furnished,25,No,183.71
Ahmedabad,Gota,Villa,3,2125,Unfurnished,12,No,84.17
Surat,Pal,Apartment,5,1860,Unfurnished,16,No,34.09
Ahmedabad,Gota,Villa,5,4985,Unfurnished,6,No,65.06
Ahmedabad,Gota,Villa,1,647,Semi-furnished,17,No,187.55
Ahmedabad,Satellite,Villa,2,649,Semi-furnished,7,No,85.51
Surat,Adajan,Villa,3,507,Semi-furnished,21,Yes,140.79
Surat,Althan,Villa,2,4444,Furnished,11,Yes,184.66
Surat,Vesu,Villa,3,2724,Furnished,22,Yes,194.66
Ahmedabad,Bopal,Independent House,3,2442,Furnished,10,No,186.16
Surat,Piplod,Apartment,5,3750,Unfurnished,35,No,161.56
Ahmedabad,Gota,Independent House,5,3551,Semi-furnished,20,Yes,121.9
Ahmedabad,Navrangpura,Apartment,3,1905,Semi-furnished,33,No,143.02
Ahmedabad,Gota,Apartment,4,3055,Furnished,23,Yes,94.35
Ahmedabad,Satellite,Villa,3,3349,Semi-furnished,10,No,140.75
Ahmedabad,Satellite,Independent House,4,635,Semi-furnished,13,No,145.75
Surat,Vesu,Villa,1,1071,Unfurnished,23,No,89.56
Ahmedabad,SG Highway,Villa,3,3056,Semi-furnished,6,No,38.15
Ahmedabad,Navrangpura,Independent House,5,3618,Semi-furnished,28,No,87.36
Surat,Althan,Apartment,4,1078,Furnished,20,Yes,118.01
Ahmedabad,Gota,Villa,2,4802,Semi-furnished,22,Yes,76.15
Ahmedabad,Gota,Apartment,3,689,Semi-furnished,34,No,11.1
Ahmedabad,Navrangpura,Independent House,1,3078,Semi-furnished,34,Yes,96.53
Surat,Pal,Villa,5,2765,Unfurnished,16,Yes,23.86
Surat,Piplod,Villa,1,3795,Unfurnished,5,No,185.41
Ahmedabad,Bopal,Apartment,4,4971,Semi-furnished,32,No,163.49
Ahmedabad,SG Highway,Villa,3,1389,Unfurnished,29,No,70.72
Ahmedabad,Navrangpura,Apartment,1,2679,Unfurnished,24,Yes,94.24
Surat,Pal,Villa,3,1613,Furnished,13,No,107.73
Surat,Vesu,Independent House,1,2634,Semi-furnished,10,No,106.11
Surat,Piplod,Apartment,1,1379,Unfurnished,22,Yes,91.43
Ahmedabad,Bopal,Independent House,1,4569,Semi-furnished,18,No,35.52
Ahmedabad,SG Highway,Villa,3,1864,Furnished,34,Yes,149.92
Surat,Vesu,Villa,5,2592,Semi-furnished,24,No,32.6
Ahmedabad,Gota,Apartment,5,4936,Semi-furnished,11,No,56.59
Ahmedabad,Bopal,Villa,3,1633,Semi-furnished,15,Yes,180.0
Surat,Althan,Apartment,1,4643,Semi-furnished,28,No,87.57
Ahmedabad,Navrangpura,Apartment,3,4388,Furnished,34,No,41.8
Ahmedabad,SG Highway,Villa,2,2812,Unfurnished,21,No,112.39
Ahmedabad,Navrangpura,Villa,4,2856,Unfurnished,16,Yes,31.28
Surat,Vesu,Independent House,3,558,Unfurnished,4,Yes,181.32
Surat,Piplod,Independent House,5,3945,Unfurnished,16,No,80.67
Ahmedabad,SG Highway,Independent House,5,1031,Unfurnished,11,Yes,153.37
Surat,Pal,Independent House,1,2077,Semi-furnished,19,Yes,85.09
Ahmedabad,Gota,Villa,5,828,Furnished,12,Yes,53.66
Ahmedabad,Satellite,Villa,4,4367,Unfurnished,14,No,128.21
Ahmedabad,Satellite,Independent House,5,1553,Unfurnished,9,Yes,16.57
Surat,Piplod,Apartment,3,1453,Unfurnished,24,Yes,181.1
Surat,Adajan,Apartment,1,1297,Unfurnished,7,No,65.15
Surat,Althan,Villa,3,3450,Furnished,21,Yes,48.97
Ahmedabad,SG Highway,Apartment,4,4479,Semi-furnished,8,No,101.1
Ahmedabad,Gota,Independent House,1,4235,Furnished,29,No,96.68
Ahmedabad,Navrangpura,Villa,3,1013,Furnished,2,No,35.72
Surat,Piplod,Apartment,3,1202,Unfurnished,2,No,98.76
Ahmedabad,Bopal,Villa,1,674,Furnished,25,No,127.12
Ahmedabad,Bopal,Apartment,2,2437,Semi-furnished,34,Yes,180.34
Ahmedabad,SG Highway,Independent House,1,2184,Furnished,6,No,10.15
Ahmedabad,Gota,Apartment,5,1067,Furnished,6,No,71.54
Surat,Adajan,Villa,1,4467,Unfurnished,34,Yes,114.79
Surat,Althan,Villa,4,4069,Semi-furnished,16,No,35.43
Surat,Adajan,Apartment,1,4260,Semi-furnished,25,Yes,155.66
Ahmedabad,Navrangpura,Independent House,1,3773,Semi-furnished,21,No,197.24
Surat,Piplod,Apartment,3,4853,Furnished,11,Yes,174.68
Ahmedabad,Bopal,Apartment,2,3928,Furnished,28,Yes,157.58
Surat,Adajan,Apartment,5,643,Unfurnished,22,No,37.93
Surat,Pal,Independent House,1,4541,Semi-furnished,16,No,67.25
Surat,Piplod,Apartment,3,2926,Furnished,11,Yes,147.4
Ahmedabad,Gota,Villa,4,4912,Semi-furnished,11,Yes,177.1
Ahmedabad,Satellite,Villa,3,4724,Furnished,12,Yes,35.89
Ahmedabad,Navrangpura,Apartment,5,1573,Unfurnished,5,No,28.11
Ahmedabad,SG Highway,Villa,5,4584,Semi-furnished,9,No,170.06
Surat,Adajan,Apartment,1,4510,Unfurnished,30,No,81.13
Surat,Althan,Villa,3,2291,Unfurnished,21,No,115.71
Surat,Vesu,Apartment,2,3846,Semi-furnished,18,Yes,113.93
Ahmedabad,SG Highway,Villa,1,1310,Furnished,13,Yes,187.8
Ahmedabad,SG Highway,Villa,5,4119,Unfurnished,7,Yes,106.84
Surat,Althan,Villa,4,825,Unfurnished,35,Yes,150.47
Ahmedabad,Bopal,Apartment,4,3451,Furnished,34,Yes,175.39
Surat,Althan,Villa,3,2160,Semi-furnished,4,Yes,113.79
Ahmedabad,Bopal,Independent House,2,4577,Furnished,16,No,135.01
Surat,Althan,Apartment,4,2012,Unfurnished,27,No,66.1
Surat,Adajan,Independent House,2,4873,Unfurnished,8,Yes,25.28
Ahmedabad,Navrangpura,Independent House,5,1745,Semi-furnished,2,Yes,126.94
Surat,Piplod,Apartment,5,3098,Furnished,33,Yes,38.32
Surat,Piplod,Villa,5,3467,Furnished,30,Yes,47.66
Ahmedabad,Bopal,Villa,1,3629,Furnished,28,Yes,48.86
Ahmedabad,Navrangpura,Apartment,5,1157,Unfurnished,21,Yes,102.17
Surat,Adajan,Independent House,4,2065,Unfurnished,8,No,46.19
Ahmedabad,Gota,Independent House,2,860,Semi-furnished,9,Yes,169.55
Ahmedabad,Satellite,Villa,5,4657,Semi-furnished,20,No,72.85
Surat,Adajan,Villa,2,3409,Semi-furnished,4,No,78.74
Ahmedabad,Bopal,Apartment,1,1100,Unfurnished,34,Yes,110.3
Ahmedabad,Bopal,Villa,1,3087,Semi-furnished,31,Yes,80.41
Ahmedabad,Gota,Villa,2,3860,Furnished,17,Yes,26.46
Surat,Piplod,Independent House,3,2816,Furnished,29,Yes,82.69
Surat,Adajan,Independent House,1,2628,Furnished,21,Yes,164.3
Surat,Althan,Independent House,1,1702,Furnished,29,No,88.94
Surat,Althan,Independent House,2,589,Semi-furnished,20,No,125.42
Surat,Adajan,Apartment,4,2600,Semi-furnished,24,Yes,185.17
Surat,Pal,Villa,4,4592,Furnished,33,Yes,190.69
Ahmedabad,Navrangpura,Independent House,3,3055,Furnished,33,Yes,181.35
Surat,Althan,Apartment,1,4193,Unfurnished,29,No,32.8
Surat,Adajan,Apartment,1,1806,Furnished,28,No,78.85
Ahmedabad,Gota,Apartment,5,4312,Unfurnished,18,No,93.31
Surat,Vesu,Villa,5,1162,Semi-furnished,29,Yes,40.98
Surat,Piplod,Villa,3,759,Unfurnished,29,Yes,167.25
Surat,Pal,Villa,2,3909,Unfurnished,29,Yes,153.84
Surat,Vesu,Independent House,2,985,Furnished,4,No,17.91
Surat,Althan,Independent House,3,3446,Semi-furnished,27,No,69.1
Ahmedabad,Gota,Villa,5,1693,Semi-furnished,19,No,36.73
Surat,Adajan,Apartment,5,730,Furnished,31,No,100.28
Ahmedabad,Bopal,Apartment,2,4806,Unfurnished,25,No,12.86
Surat,Adajan,Independent House,5,901,Semi-furnished,25,No,89.66
Surat,Adajan,Independent House,1,746,Semi-furnished,26,Yes,60.36
Surat,Piplod,Independent House,5,2513,Furnished,23,Yes,131.68
Surat,Piplod,Apartment,1,1691,Semi-furnished,6,Yes,161.88
Ahmedabad,Satellite,Villa,5,2518,Semi-furnished,23,Yes,47.03
Surat,Althan,Independent House,2,2683,Unfurnished,14,Yes,115.01
Ahmedabad,SG Highway,Apartment,3,3905,Unfurnished,11,Yes,79.67
Surat,Adajan,Villa,5,948,Semi-furnished,7,No,185.67
Surat,Adajan,Apartment,1,3895,Unfurnished,20,Yes,102.53
Ahmedabad,Gota,Apartment,4,3157,Unfurnished,24,No,120.48
Surat,Adajan,Villa,2,3986,Furnished,33,Yes,141.61
Ahmedabad,Gota,Apartment,5,3882,Semi-furnished,5,Yes,26.66
Ahmedabad,Gota,Apartment,4,1058,Semi-furnished,5,Yes,173.02
Ahmedabad,Navrangpura,Independent House,3,3301,Semi-furnished,22,No,31.88
Ahmedabad,Bopal,Apartment,5,2753,Semi-furnished,2,Yes,144.17
Ahmedabad,SG Highway,Independent House,2,4855,Semi-furnished,16,No,87.45
Ahmedabad,Gota,Villa,4,4772,Semi-furnished,28,Yes,82.31
Ahmedabad,Gota,Independent House,4,2680,Unfurnished,35,No,42.68
Surat,Piplod,Apartment,1,4541,Semi-furnished,21,Yes,71.36
Ahmedabad,Navrangpura,Independent House,1,4329,Furnished,22,No,185.38
Ahmedabad,SG Highway,Independent House,5,1225,Furnished,30,No,166.09
Surat,Piplod,Independent House,3,2862,Furnished,21,No,148.23
Ahmedabad,SG Highway,Apartment,1,2759,Unfurnished,19,No,107.76
Surat,Althan,Villa,3,2988,Furnished,20,Yes,14.03
Surat,Piplod,Apartment,1,3448,Semi-furnished,7,Yes,44.01
Ahmedabad,Bopal,Villa,1,2435,Semi-furnished,21,Yes,126.94
Surat,Piplod,Apartment,4,2093,Furnished,14,Yes,138.28
Ahmedabad,Satellite,Apartment,3,2977,Furnished,35,Yes,97.36
Ahmedabad,Satellite,Apartment,1,4749,Unfurnished,12,No,86.34
Surat,Pal,Villa,1,4955,Unfurnished,24,Yes,92.86
Surat,Piplod,Apartment,4,895,Furnished,10,Yes,198.62
Ahmedabad,Bopal,Villa,1,2300,Unfurnished,2,No,31.22
Ahmedabad,SG Highway,Villa,2,3600,Unfurnished,10,No,80.69
Surat,Vesu,Apartment,3,2050,Unfurnished,25,Yes,103.74
Ahmedabad,Gota,Apartment,1,908,Semi-furnished,11,Yes,33.52
Surat,Vesu,Villa,4,3547,Semi-furnished,11,No,32.33
Ahmedabad,Bopal,Villa,5,4387,Unfurnished,25,Yes,76.87
Surat,Vesu,Apartment,2,4037,Unfurnished,4,No,39.77
Surat,Adajan,Apartment,4,2173,Semi-furnished,17,Yes,85.7
Surat,Piplod,Villa,1,1168,Furnished,27,Yes,120.31
Ahmedabad,SG Highway,Apartment,3,709,Furnished,2,Yes,13.64
Ahmedabad,Gota,Villa,2,4630,Semi-furnished,28,Yes,170.2
Surat,Piplod,Independent House,1,1560,Semi-furnished,20,Yes,59.47
Ahmedabad,Bopal,Apartment,3,687,Semi-furnished,2,No,108.47
Surat,Althan,Villa,1,4346,Semi-furnished,33,No,17.92
Surat,Adajan,Villa,1,3578,Semi-furnished,4,Yes,148.88
Ahmedabad,Navrangpura,Independent House,4,4317,Furnished,8,Yes,96.39
Surat,Vesu,Apartment,1,2788,Furnished,32,Yes,42.63
Surat,Piplod,Independent House,5,740,Unfurnished,13,Yes,44.36
Surat,Piplod,Villa,3,1759,Unfurnished,9,Yes,101.32
Ahmedabad,Navrangpura,Independent House,3,1388,Furnished,7,Yes,108.16
Ahmedabad,Satellite,Apartment,5,669,Furnished,30,Yes,64.37
Surat,Adajan,Villa,2,3017,Furnished,20,Yes,132.05
Surat,Vesu,Villa,5,570,Unfurnished,20,Yes,53.76
Ahmedabad,SG Highway,Villa,5,1803,Unfurnished,18,Yes,26.5
Ahmedabad,Navrangpura,Apartment,5,1317,Unfurnished,30,Yes,84.79
Ahmedabad,Navrangpura,Independent House,3,3981,Furnished,22,Yes,81.49
Ahmedabad,Bopal,Independent House,3,2992,Furnished,22,Yes,128.51
Ahmedabad,Gota,Apartment,2,2270,Furnished,24,Yes,13.21
Ahmedabad,Satellite,Independent House,2,3242,Unfurnished,3,Yes,128.39
Ahmedabad,SG Highway,Independent House,1,4853,Semi-furnished,21,No,196.01
Surat,Adajan,Villa,2,4656,Semi-furnished,35,Yes,52.43
Surat,Piplod,Villa,3,1570,Furnished,5,Yes,197.93
Surat,Pal,Independent House,5,3016,Semi-furnished,15,Yes,136.74
Ahmedabad,Satellite,Independent House,3,4625,Semi-furnished,25,No,34.48
Surat,Pal,Independent House,3,1502,Semi-furnished,33,Yes,63.66
Surat,Vesu,Independent House,1,1326,Unfurnished,33,Yes,41.58
Surat,Pal,Independent House,4,2149,Furnished,23,No,141.2
Ahmedabad,Gota,Apartment,2,4991,Furnished,26,No,126.86
Ahmedabad,Gota,Villa,2,4308,Semi-furnished,26,Yes,162.77
Surat,Piplod,Independent House,5,1707,Semi-furnished,28,No,80.58
Ahmedabad,SG Highway,Apartment,1,3599,Furnished,32,No,52.65
Ahmedabad,Navrangpura,Independent House,1,2562,Semi-furnished,22,No,37.7
Ahmedabad,Navrangpura,Apartment,4,4439,Semi-furnished,14,No,166.25
Surat,Piplod,Apartment,1,2768,Unfurnished,21,Yes,80.96
Ahmedabad,Satellite,Independent House,2,3632,Semi-furnished,19,No,144.05
Surat,Althan,Villa,3,4356,Furnished,25,No,143.39
Surat,Piplod,Independent House,2,2185,Unfurnished,32,Yes,111.96
Ahmedabad,Navrangpura,Villa,3,2682,Furnished,35,Yes,96.95
Surat,Piplod,Independent House,4,4392,Furnished,17,Yes,27.83
Ahmedabad,Bopal,Villa,4,2450,Unfurnished,25,No,135.37
Ahmedabad,Satellite,Villa,2,1095,Unfurnished,5,Yes,21.97
Ahmedabad,Gota,Apartment,3,898,Semi-furnished,5,Yes,111.55
Ahmedabad,Satellite,Apartment,5,2334,Semi-furnished,20,Yes,83.17
Surat,Althan,Independent House,5,1826,Furnished,15,No,167.35
Surat,Vesu,Independent House,2,1876,Unfurnished,12,Yes,199.07
Surat,Vesu,Independent House,5,1752,Unfurnished,18,No,181.42
Surat,Adajan,Independent House,5,4252,Furnished,2,Yes,63.58
Surat,Pal,Villa,2,588,Unfurnished,19,No,146.61
Surat,Althan,Apartment,3,2917,Furnished,35,No,144.61
Surat,Pal,Villa,5,4591,Semi-furnished,10,No,143.74
Surat,Pal,Villa,3,3776,Furnished,27,Yes,115.78
Ahmedabad,Satellite,Apartment,1,677,Unfurnished,20,No,156.72
Ahmedabad,Satellite,Villa,4,4605,Semi-furnished,10,No,47.53
Surat,Pal,Apartment,2,3759,Unfurnished,29,No,60.6
Ahmedabad,Satellite,Independent House,2,3096,Unfurnished,33,Yes,83.35
Ahmedabad,SG Highway,Apartment,2,4046,Semi-furnished,27,Yes,140.38
Ahmedabad,SG Highway,Apartment,1,2593,Furnished,29,Yes,170.99
Ahmedabad,SG Highway,Independent House,2,1999,Semi-furnished,34,Yes,120.75
Surat,Adajan,Apartment,2,992,Unfurnished,20,Yes,193.56
Surat,Piplod,Apartment,1,2159,Furnished,30,No,59.55
Ahmedabad,Bopal,Villa,1,1415,Semi-furnished,12,No,76.43
Surat,Althan,Independent House,2,2975,Furnished,25,Yes,140.56
Ahmedabad,Gota,Independent House,1,3189,Furnished,16,No,182.51
Surat,Pal,Apartment,5,2648,Semi-furnished,9,No,50.42
Ahmedabad,Gota,Apartment,5,1468,Furnished,20,Yes,99.22
Ahmedabad,SG Highway,Villa,5,2359,Unfurnished,15,No,156.84
Surat,Althan,Villa,5,1489,Furnished,26,Yes,78.1
Ahmedabad,Gota,Independent House,5,3274,Unfurnished,29,Yes,150.16
Ahmedabad,Gota,Independent House,2,1717,Furnished,4,No,44.68
Ahmedabad,Satellite,Villa,4,3057,Furnished,15,Yes,72.27
Surat,Vesu,Independent House,3,3509,Semi-furnished,5,No,79.09
Ahmedabad,Satellite,Villa,3,3304,Unfurnished,26,Yes,104.06
Surat,Piplod,Independent House,1,3221,Semi-furnished,8,No,38.16
Ahmedabad,Bopal,Apartment,3,644,Unfurnished,17,Yes,108.76
Surat,Piplod,Independent House,5,3024,Furnished,15,Yes,77.56
Ahmedabad,Navrangpura,Apartment,2,3060,Unfurnished,12,No,146.29
Ahmedabad,Satellite,Villa,2,4753,Unfurnished,3,No,28.12
Surat,Piplod,Apartment,1,3667,Furnished,29,Yes,147.19
Surat,Pal,Apartment,5,971,Semi-furnished,27,No,95.37
Ahmedabad,SG Highway,Apartment,3,4201,Unfurnished,14,No,92.48
Surat,Althan,Independent House,1,3598,Furnished,10,No,15.93
Surat,Althan,Villa,4,3855,Semi-furnished,16,Yes,171.31
Ahmedabad,Navrangpura,Independent House,1,4050,Semi-furnished,3,Yes,42.96
Ahmedabad,Satellite,Apartment,1,2455,Semi-furnished,11,No,184.15
Surat,Pal,Apartment,4,1806,Semi-furnished,29,Yes,156.07
Ahmedabad,Navrangpura,Villa,5,3223,Unfurnished,3,Yes,187.56
Ahmedabad,SG Highway,Independent House,2,1084,Semi-furnished,11,Yes,18.97
Surat,Piplod,Apartment,4,3220,Unfurnished,35,Yes,136.42
Ahmedabad,Satellite,Apartment,4,3259,Unfurnished,15,Yes,134.04
Surat,Vesu,Independent House,2,4223,Furnished,12,Yes,173.1
Ahmedabad,Satellite,Independent House,5,2997,Semi-furnished,27,No,24.17
Surat,Vesu,Apartment,1,1832,Semi-furnished,15,Yes,167.61
Ahmedabad,Satellite,Villa,3,3875,Unfurnished,21,Yes,185.12
Surat,Piplod,Apartment,4,4698,Unfurnished,2,Yes,70.18
Surat,Piplod,Apartment,5,4607,Furnished,7,No,158.38
Ahmedabad,Gota,Independent House,5,4766,Semi-furnished,34,No,118.72
Ahmedabad,Satellite,Apartment,1,1479,Unfurnished,19,Yes,97.21
Ahmedabad,Satellite,Villa,1,1052,Unfurnished,32,No,57.61
Ahmedabad,Gota,Villa,4,1353,Furnished,23,No,36.97
Ahmedabad,Satellite,Villa,3,1565,Unfurnished,11,Yes,193.88
Ahmedabad,Satellite,Independent House,5,3370,Semi-furnished,15,No,72.02
Ahmedabad,SG Highway,Independent House,1,4709,Furnished,18,Yes,144.46
Surat,Piplod,Villa,3,1652,Unfurnished,20,Yes,183.49
Ahmedabad,Navrangpura,Villa,2,928,Furnished,28,Yes,148.84
Ahmedabad,Gota,Independent House,1,1941,Unfurnished,11,Yes,139.33
Ahmedabad,Satellite,Apartment,2,3265,Furnished,32,Yes,73.68
Ahmedabad,Navrangpura,Villa,1,560,Semi-furnished,31,Yes,97.21
Ahmedabad,SG Highway,Independent House,2,2742,Unfurnished,17,No,16.09
Ahmedabad,Bopal,Independent House,3,1774,Furnished,19,No,102.96
Surat,Adajan,Villa,1,2379,Semi-furnished,12,No,34.81
Surat,Pal,Apartment,4,3594,Unfurnished,24,Yes,125.64
Surat,Piplod,Independent House,5,2997,Unfurnished,28,No,164.97
Ahmedabad,Bopal,Villa,1,3888,Semi-furnished,30,No,35.35
Ahmedabad,Bopal,Independent House,1,2485,Furnished,20,No,150.31
Surat,Althan,Apartment,3,880,Furnished,8,No,20.1
Ahmedabad,Satellite,Independent House,4,2838,Furnished,5,No,28.0
Surat,Althan,Villa,1,3369,Unfurnished,27,Yes,106.63
Ahmedabad,Satellite,Villa,4,4417,Furnished,33,Yes,155.94
Ahmedabad,Navrangpura,Villa,3,2849,Unfurnished,20,Yes,101.25
Ahmedabad,SG Highway,Independent House,2,1610,Semi-furnished,23,No,13.55
Surat,Vesu,Independent House,3,4577,Semi-furnished,11,Yes,58.88
Ahmedabad,Gota,Villa,4,2863,Furnished,2,No,196.85
Ahmedabad,Navrangpura,Villa,4,4063,Furnished,16,Yes,122.78
Ahmedabad,Gota,Independent House,3,3212,Unfurnished,28,Yes,49.06
Ahmedabad,Gota,Independent House,3,2981,Furnished,3,Yes,35.38
Ahmedabad,Gota,Independent House,5,1507,Furnished,24,Yes,115.11
Surat,Adajan,Apartment,5,1506,Furnished,31,No,162.82
Surat,Vesu,Independent House,5,658,Furnished,4,No,104.73
Surat,Vesu,Independent House,4,4693,Unfurnished,13,Yes,109.73
Surat,Vesu,Apartment,4,1064,Semi-furnished,13,Yes,198.68
Surat,Vesu,Independent House,3,2356,Semi-furnished,11,Yes,58.01
Surat,Althan,Independent House,1,1902,Semi-furnished,11,No,150.82
Surat,Pal,Apartment,1,2993,Unfurnished,25,Yes,142.62
Surat,Adajan,Apartment,2,3759,Semi-furnished,12,Yes,110.28
Surat,Adajan,Villa,2,2980,Furnished,12,No,140.4
Surat,Adajan,Villa,1,981,Semi-furnished,29,Yes,38.34
Ahmedabad,Gota,Apartment,5,4470,Unfurnished,25,No,70.88
Surat,Vesu,Apartment,4,2243,Unfurnished,6,Yes,88.01
Surat,Adajan,Villa,2,3816,Furnished,31,Yes,15.1
Surat,Adajan,Villa,3,4371,Unfurnished,9,No,140.83
Surat,Adajan,Villa,1,1289,Unfurnished,28,No,184.97
Ahmedabad,Bopal,Apartment,1,2756,Furnished,16,Yes,170.2
Ahmedabad,Navrangpura,Apartment,3,4171,Semi-furnished,17,No,86.57
Ahmedabad,Navrangpura,Villa,1,1409,Unfurnished,34,No,144.11
Ahmedabad,SG Highway,Independent House,3,1238,Furnished,8,Yes,151.01
Ahmedabad,Bopal,Independent House,4,947,Unfurnished,23,No,20.41
Ahmedabad,Navrangpura,Apartment,3,3957,Semi-furnished,4,No,52.78
Surat,Pal,Apartment,5,1064,Unfurnished,9,No,101.47
Ahmedabad,Bopal,Villa,1,663,Semi-furnished,35,No,199.23
Surat,Pal,Villa,3,3718,Furnished,28,Yes,161.41
Ahmedabad,Satellite,Apartment,1,4863,Unfurnished,3,No,97.2
Ahmedabad,Gota,Independent House,3,515,Unfurnished,6,Yes,78.67
Surat,Pal,Apartment,3,1609,Unfurnished,12,No,120.54
Surat,Althan,Villa,2,912,Unfurnished,6,No,145.28
Ahmedabad,SG Highway,Independent House,2,3830,Furnished,25,No,98.87
Ahmedabad,Gota,Independent House,2,1673,Furnished,10,Yes,124.31
Surat,Althan,Villa,5,4559,Semi-furnished,20,Yes,196.67
Ahmedabad,Gota,Independent House,1,2226,Semi-furnished,35,Yes,80.58
Surat,Althan,Apartment,2,3144,Semi-furnished,17,Yes,57.35
Surat,Adajan,Villa,2,2731,Furnished,12,Yes,168.75
Ahmedabad,SG Highway,Apartment,1,4618,Furnished,24,Yes,184.39
Ahmedabad,SG Highway,Independent House,2,4280,Furnished,9,No,90.6
Surat,Vesu,Villa,3,4723,Furnished,12,Yes,179.01
Ahmedabad,Satellite,Villa,3,2762,Unfurnished,18,Yes,129.95
Surat,Pal,Apartment,5,1291,Furnished,11,No,11.03
Surat,Vesu,Independent House,5,2189,Unfurnished,35,No,150.71
Surat,Piplod,Independent House,4,1350,Furnished,9,No,79.44
Surat,Piplod,Apartment,5,870,Unfurnished,32,No,34.55
Ahmedabad,Bopal,Apartment,1,690,Furnished,25,No,56.62
Ahmedabad,Gota,Villa,2,3908,Semi-furnished,26,Yes,99.53
Ahmedabad,Navrangpura,Independent House,2,3515,Semi-furnished,6,No,98.06
Ahmedabad,Navrangpura,Villa,3,4751,Semi-furnished,31,No,174.71
Surat,Piplod,Villa,4,3947,Unfurnished,29,Yes,128.96
Ahmedabad,Gota,Apartment,4,3615,Semi-furnished,2,Yes,196.17
Ahmedabad,Navrangpura,Villa,5,2196,Furnished,23,Yes,65.15
Surat,Piplod,Apartment,3,4340,Semi-furnished,21,Yes,131.59
Ahmedabad,Bopal,Apartment,5,2978,Furnished,10,No,172.63
Surat,Pal,Independent House,2,4753,Unfurnished,9,Yes,120.44
Ahmedabad,SG Highway,Apartment,2,3052,Furnished,18,Yes,171.3
Ahmedabad,Satellite,Independent House,5,4784,Unfurnished,32,Yes,113.24
Ahmedabad,Navrangpura,Apartment,3,1078,Semi-furnished,32,No,66.85
Surat,Pal,Villa,3,2218,Semi-furnished,21,Yes,106.68
Ahmedabad,Gota,Independent House,2,1285,Unfurnished,28,No,144.81
Ahmedabad,Satellite,Villa,1,3092,Semi-furnished,19,No,40.74
Surat,Piplod,Independent House,1,4587,Semi-furnished,8,No,16.83
Ahmedabad,Bopal,Villa,1,4899,Unfurnished,19,No,58.14
Surat,Althan,Villa,4,3924,Unfurnished,4,Yes,34.93
Surat,Vesu,Independent House,4,2929,Furnished,30,No,66.78
Surat,Pal,Villa,3,2702,Furnished,10,No,45.45
Ahmedabad,SG Highway,Apartment,1,1366,Furnished,10,Yes,148.58
Surat,Pal,Villa,4,953,Semi-furnished,28,Yes,84.29
Ahmedabad,Navrangpura,Villa,3,2087,Furnished,21,Yes,47.64
Surat,Piplod,Independent House,3,4618,Furnished,15,No,187.14
Surat,Adajan,Independent House,1,771,Semi-furnished,33,Yes,94.27
Surat,Vesu,Independent House,1,2393,Unfurnished,34,No,90.09
Surat,Althan,Independent House,2,1039,Semi-furnished,4,No,196.62
Ahmedabad,Gota,Villa,3,4652,Unfurnished,23,Yes,26.67
Surat,Althan,Independent House,5,2015,Furnished,27,No,57.07
Ahmedabad,Gota,Independent House,4,1915,Semi-furnished,17,Yes,111.21
Surat,Adajan,Villa,2,1931,Semi-furnished,5,Yes,161.51
Ahmedabad,Navrangpura,Villa,2,1470,Semi-furnished,13,No,157.56
Ahmedabad,Bopal,Villa,3,1242,Unfurnished,5,Yes,180.8
Ahmedabad,Satellite,Apartment,1,3936,Unfurnished,4,No,38.1
Ahmedabad,Satellite,Independent House,3,2633,Furnished,8,No,84.53
Ahmedabad,SG Highway,Apartment,5,1847,Furnished,20,Yes,69.64
Ahmedabad,Navrangpura,Villa,3,534,Semi-furnished,18,Yes,82.23
Surat,Piplod,Villa,2,1296,Unfurnished,4,No,102.75
Surat,Althan,Apartment,5,1683,Semi-furnished,5,No,195.82
Surat,Adajan,Villa,4,3432,Semi-furnished,12,Yes,61.22
Ahmedabad,Navrangpura,Villa,1,950,Unfurnished,30,No,135.25
Ahmedabad,Navrangpura,Apartment,4,3937,Semi-furnished,35,No,182.2
Surat,Adajan,Villa,4,1071,Unfurnished,6,No,182.25
Ahmedabad,Navrangpura,Independent House,4,2402,Unfurnished,22,No,70.42
Surat,Piplod,Villa,5,1931,Semi-furnished,30,Yes,47.7
Surat,Piplod,Independent House,2,3885,Semi-furnished,6,No,27.31
Ahmedabad,Satellite,Independent House,1,4569,Unfurnished,29,Yes,122.92
Surat,Vesu,Apartment,5,2457,Semi-furnished,31,No,163.85
Ahmedabad,SG Highway,Independent House,2,4820,Unfurnished,34,No,146.14
Surat,Piplod,Independent House,1,3826,Semi-furnished,3,No,195.07
Surat,Piplod,Independent House,5,4800,Semi-furnished,20,Yes,139.05
Ahmedabad,Navrangpura,Villa,1,4679,Unfurnished,10,No,198.69
Surat,Pal,Apartment,2,2548,Furnished,31,No,163.44
Ahmedabad,SG Highway,Apartment,5,2643,Unfurnished,6,Yes,54.9
Surat,Pal,Villa,2,855,Semi-furnished,13,Yes,162.16
Surat,Adajan,Villa,5,4564,Furnished,34,No,12.5
Ahmedabad,Bopal,Independent House,5,3329,Semi-furnished,28,No,152.69
Surat,Piplod,Independent House,1,2020,Furnished,3,Yes,158.85
Surat,Althan,Independent House,3,643,Semi-furnished,23,Yes,139.77
Surat,Althan,Independent House,5,2485,Unfurnished,24,Yes,76.45
Ahmedabad,Gota,Villa,3,835,Furnished,13,No,57.79
Surat,Vesu,Independent House,4,3636,Unfurnished,24,Yes,19.07
Surat,Adajan,Apartment,3,2890,Furnished,34,Yes,32.1
Surat,Piplod,Independent House,1,906,Semi-furnished,21,Yes,58.63
Surat,Piplod,Apartment,2,2117,Furnished,17,Yes,87.78
Surat,Adajan,Villa,2,3684,Semi-furnished,28,Yes,58.49
Surat,Vesu,Villa,5,3293,Semi-furnished,3,Yes,34.54
Ahmedabad,Bopal,Apartment,4,1747,Unfurnished,35,Yes,82.25
Surat,Vesu,Villa,4,3237,Unfurnished,11,No,48.63
Ahmedabad,SG Highway,Independent House,4,1480,Semi-furnished,21,No,32.97
Ahmedabad,SG Highway,Independent House,5,3410,Unfurnished,6,Yes,186.8
Surat,Piplod,Independent House,5,1307,Furnished,21,No,12.1
Surat,Althan,Independent House,1,681,Semi-furnished,17,No,70.7
Ahmedabad,Bopal,Apartment,2,2652,Furnished,16,No,124.07
Surat,Piplod,Villa,3,567,Unfurnished,20,No,100.17
Surat,Vesu,Apartment,4,3960,Furnished,25,Yes,135.58
Ahmedabad,SG Highway,Villa,5,3682,Semi-furnished,19,Yes,76.05
Ahmedabad,Gota,Apartment,5,826,Semi-furnished,19,Yes,111.35
Surat,Vesu,Independent House,1,2352,Unfurnished,17,No,20.08
Ahmedabad,Bopal,Independent House,4,1922,Furnished,9,No,109.83
Ahmedabad,Navrangpura,Villa,2,670,Furnished,22,No,73.14
Surat,Adajan,Villa,4,1505,Semi-furnished,32,No,19.93
Ahmedabad,Bopal,Independent House,3,2130,Semi-furnished,3,Yes,105.54
Ahmedabad,SG Highway,Independent House,4,4007,Unfurnished,5,No,96.34
Surat,Piplod,Apartment,2,3942,Semi-furnished,9,Yes,17.82
Ahmedabad,SG Highway,Apartment,1,832,Furnished,19,Yes,111.41
Ahmedabad,Satellite,Villa,3,3744,Furnished,33,No,20.3
Surat,Adajan,Independent House,1,3012,Semi-furnished,26,Yes,109.82
Ahmedabad,Gota,Villa,1,688,Furnished,4,No,86.38
Ahmedabad,Navrangpura,Apartment,3,908,Semi-furnished,13,No,107.99
Ahmedabad,Satellite,Apartment,5,1742,Furnished,23,Yes,137.87
Surat,Pal,Independent House,4,2696,Semi-furnished,11,No,192.6
Surat,Piplod,Apartment,2,4756,Furnished,30,No,39.94
Surat,Vesu,Independent House,1,4316,Furnished,2,No,113.29
Surat,Pal,Independent House,5,3623,Semi-furnished,27,No,172.73
Surat,Pal,Apartment,3,4327,Unfurnished,27,No,190.23
Surat,Pal,Villa,3,3901,Furnished,33,No,36.4
Surat,Adajan,Villa,4,4902,Semi-furnished,24,Yes,71.79
Ahmedabad,Satellite,Villa,4,3590,Semi-furnished,24,Yes,15.46
Surat,Pal,Apartment,5,2852,Unfurnished,20,Yes,131.66
Ahmedabad,Gota,Apartment,3,2225,Unfurnished,34,No,161.94
Surat,Adajan,Villa,4,1161,Furnished,25,No,68.97
Surat,Althan,Apartment,1,2394,Unfurnished,26,Yes,167.51
Ahmedabad,SG Highway,Independent House,1,2709,Semi-furnished,13,Yes,168.88
Surat,Althan,Independent House,3,3569,Furnished,29,Yes,174.58
Ahmedabad,Satellite,Villa,5,1489,Semi-furnished,30,No,138.19
Surat,Adajan,Villa,5,1926,Unfurnished,5,No,114.34
Surat,Althan,Apartment,2,2509,Semi-furnished,17,No,45.81
Surat,Pal,Independent House,2,4044,Semi-furnished,14,No,78.98
Surat,Adajan,Independent House,4,1565,Semi-furnished,17,No,130.28
Surat,Adajan,Independent House,2,1781,Furnished,4,No,17.54
Ahmedabad,Bopal,Independent House,2,3247,Semi-furnished,22,Yes,197.06
Surat,Pal,Apartment,5,2269,Furnished,32,Yes,44.15
Surat,Piplod,Apartment,5,2332,Semi-furnished,15,Yes,175.7
Surat,Althan,Independent House,2,3796,Furnished,28,Yes,150.17
Ahmedabad,Navrangpura,Independent House,3,851,Unfurnished,27,No,21.28
Surat,Vesu,Villa,3,3202,Furnished,32,Yes,58.0
Ahmedabad,Gota,Villa,1,2987,Semi-furnished,4,No,89.35
Surat,Pal,Independent House,4,2147,Furnished,21,No,51.63
Ahmedabad,Satellite,Villa,4,4194,Furnished,32,No,48.76
Ahmedabad,Satellite,Villa,2,1143,Furnished,3,Yes,153.68
Ahmedabad,Satellite,Villa,5,2194,Furnished,32,Yes,121.28
Surat,Piplod,Independent House,2,979,Semi-furnished,25,No,87.88
Ahmedabad,Bopal,Apartment,5,4686,Semi-furnished,15,No,99.69
Ahmedabad,SG Highway,Independent House,1,1814,Semi-furnished,18,No,115.71
Ahmedabad,SG Highway,Villa,1,829,Semi-furnished,11,No,146.0
Ahmedabad,SG Highway,Villa,2,2015,Semi-furnished,21,Yes,145.99
Ahmedabad,Bopal,Independent House,3,3913,Semi-furnished,24,No,167.16
Ahmedabad,Navrangpura,Apartment,5,700,Semi-furnished,21,No,28.18
Ahmedabad,Bopal,Villa,3,4482,Furnished,7,No,95.75
Surat,Pal,Apartment,1,2894,Unfurnished,21,No,96.86
Ahmedabad,Gota,Villa,1,3839,Unfurnished,11,No,18.68
Surat,Adajan,Apartment,1,2706,Semi-furnished,7,Yes,138.3
Ahmedabad,SG Highway,Independent House,3,2920,Furnished,6,No,109.22
Surat,Pal,Villa,4,4035,Unfurnished,9,No,167.32
Surat,Althan,Villa,1,4129,Unfurnished,13,Yes,81.32
Ahmedabad,SG Highway,Independent House,2,4482,Unfurnished,27,Yes,34.44
Surat,Althan,Apartment,5,1869,Furnished,22,No,169.26
Ahmedabad,Satellite,Independent House,5,2450,Unfurnished,10,Yes,116.19
Ahmedabad,SG Highway,Villa,5,1679,Unfurnished,14,Yes,72.18
Surat,Vesu,Villa,2,617,Unfurnished,32,Yes,46.32
Surat,Adajan,Independent House,5,821,Unfurnished,10,No,66.4
Ahmedabad,Navrangpura,Villa,3,2012,Furnished,26,No,24.11
Surat,Vesu,Independent House,3,3712,Furnished,19,No,132.52
Surat,Pal,Apartment,5,3509,Semi-furnished,19,No,31.35
Surat,Vesu,Apartment,1,2815,Semi-furnished,30,Yes,55.32
Ahmedabad,Satellite,Independent House,3,4832,Semi-furnished,11,No,164.3
Ahmedabad,Satellite,Independent House,1,1857,Unfurnished,3,No,39.86
Surat,Althan,Villa,5,2848,Furnished,35,No,182.77
Surat,Piplod,Villa,5,4595,Unfurnished,10,No,117.91
Surat,Pal,Independent House,3,2435,Unfurnished,32,No,60.69
Ahmedabad,SG Highway,Villa,4,3340,Semi-furnished,3,No,26.37
Surat,Adajan,Villa,1,4770,Furnished,18,No,33.36
Surat,Althan,Apartment,5,890,Furnished,2,No,138.37
Ahmedabad,Navrangpura,Apartment,3,4320,Unfurnished,33,Yes,184.06
Ahmedabad,SG Highway,Apartment,5,2232,Unfurnished,16,Yes,69.34
Ahmedabad,Bopal,Apartment,1,737,Semi-furnished,31,Yes,71.66
Ahmedabad,Navrangpura,Independent House,4,1979,Semi-furnished,29,No,170.01
Ahmedabad,Gota,Independent House,4,4762,Furnished,25,No,81.52
Ahmedabad,Gota,Independent House,1,4547,Unfurnished,15,No,53.95
Surat,Adajan,Villa,5,504,Furnished,12,No,116.97
Surat,Adajan,Independent House,3,2240,Semi-furnished,8,No,122.04
Surat,Althan,Apartment,4,4528,Semi-furnished,27,Yes,196.25
Surat,Pal,Apartment,2,4484,Furnished,2,No,101.16
Surat,Piplod,Independent House,2,3839,Furnished,16,Yes,139.96
Surat,Piplod,Independent House,4,797,Semi-furnished,32,No,157.71
Surat,Pal,Independent House,1,2052,Unfurnished,2,Yes,191.22
Ahmedabad,Satellite,Independent House,3,2334,Semi-furnished,23,No,51.65
Surat,Adajan,Villa,1,2616,Furnished,5,No,164.11
Surat,Vesu,Apartment,3,1296,Furnished,2,No,180.79
Surat,Piplod,Apartment,2,3989,Furnished,6,No,58.88
Surat,Piplod,Independent House,2,1833,Semi-furnished,5,Yes,167.4
Ahmedabad,Gota,Apartment,4,1559,Furnished,17,Yes,73.08
Surat,Adajan,Apartment,2,1316,Unfurnished,18,Yes,13.81
Surat,Adajan,Villa,3,4293,Unfurnished,32,No,179.65
Ahmedabad,Gota,Independent House,1,3021,Semi-furnished,29,Yes,195.12
Surat,Pal,Independent House,3,3651,Semi-furnished,10,No,69.92
Ahmedabad,Gota,Independent House,1,695,Unfurnished,28,Yes,159.82
Surat,Althan,Independent House,4,3748,Semi-furnished,28,Yes,39.59
Surat,Adajan,Independent House,5,3846,Furnished,34,No,199.36
Ahmedabad,Satellite,Independent House,3,4895,Semi-furnished,31,No,153.47
Surat,Althan,Apartment,5,3063,Unfurnished,32,Yes,27.52
Surat,Vesu,Independent House,5,4302,Furnished,25,Yes,125.96
Ahmedabad,Navrangpura,Independent House,1,3578,Semi-furnished,19,Yes,14.07
Ahmedabad,SG Highway,Apartment,3,1675,Unfurnished,10,Yes,138.39
Ahmedabad,Satellite,Independent House,4,1219,Furnished,15,Yes,25.14
Ahmedabad,Gota,Villa,4,1132,Semi-furnished,35,Yes,114.88
Ahmedabad,Bopal,Apartment,4,1275,Furnished,25,Yes,148.51
Surat,Althan,Villa,2,1456,Furnished,15,No,99.0
Ahmedabad,SG Highway,Villa,2,4191,Unfurnished,9,No,193.43
Surat,Pal,Independent House,3,796,Unfurnished,10,No,136.5
Ahmedabad,SG Highway,Independent House,3,2492,Semi-furnished,12,No,28.07
Surat,Piplod,Villa,5,4370,Semi-furnished,9,No,110.82
Surat,Althan,Independent House,5,595,Furnished,11,Yes,126.31
Surat,Althan,Villa,4,3600,Semi-furnished,22,No,45.48
Ahmedabad,Satellite,Villa,1,2056,Furnished,20,No,75.96
Ahmedabad,Satellite,Independent House,1,2743,Semi-furnished,6,Yes,25.35
Surat,Adajan,Villa,4,3538,Semi-furnished,13,Yes,105.98
Ahmedabad,SG Highway,Independent House,4,4765,Furnished,29,No,63.06
Surat,Althan,Villa,1,2701,Furnished,30,No,78.57
Surat,Althan,Villa,1,4582,Furnished,19,No,112.66
Ahmedabad,Bopal,Apartment,3,824,Semi-furnished,12,Yes,40.75
Ahmedabad,Bopal,Independent House,5,3733,Unfurnished,18,Yes,129.66
Surat,Althan,Apartment,4,2850,Semi-furnished,17,No,134.75
Ahmedabad,SG Highway,Apartment,1,3505,Semi-furnished,5,Yes,48.54
Surat,Pal,Apartment,3,3241,Unfurnished,15,Yes,114.84
Surat,Althan,Villa,1,4520,Furnished,33,No,166.45
Surat,Adajan,Independent House,5,3254,Furnished,3,No,116.56
Ahmedabad,SG Highway,Apartment,1,748,Semi-furnished,18,Yes,21.16
Surat,Pal,Apartment,4,2371,Semi-furnished,34,Yes,15.26
Ahmedabad,SG Highway,Independent House,1,4483,Furnished,11,Yes,126.69
Surat,Pal,Apartment,3,1766,Furnished,32,No,94.81
Ahmedabad,Navrangpura,Independent House,3,674,Furnished,21,Yes,184.4
Ahmedabad,Navrangpura,Independent House,4,3936,Semi-furnished,8,Yes,178.7
Ahmedabad,Bopal,Villa,4,1734,Furnished,17,Yes,12.02
Ahmedabad,Navrangpura,Independent House,1,1489,Semi-furnished,8,Yes,100.1
Ahmedabad,Gota,Villa,4,1034,Semi-furnished,22,No,44.39
Ahmedabad,Bopal,Independent House,2,1717,Semi-furnished,6,Yes,42.85
Ahmedabad,Bopal,Villa,4,3444,Unfurnished,29,No,193.86
Ahmedabad,Navrangpura,Independent House,2,1327,Unfurnished,30,No,61.09
Ahmedabad,Bopal,Villa,2,4833,Furnished,5,Yes,106.51
Ahmedabad,Gota,Apartment,4,2918,Furnished,34,Yes,34.25
Ahmedabad,Gota,Apartment,3,2052,Furnished,8,Yes,186.44
Surat,Adajan,Apartment,3,1154,Unfurnished,27,No,78.48
Surat,Vesu,Villa,5,3630,Semi-furnished,26,No,137.87
Ahmedabad,SG Highway,Villa,1,1553,Unfurnished,33,No,37.94
Surat,Althan,Villa,3,4137,Semi-furnished,16,Yes,38.6
Ahmedabad,SG Highway,Independent House,2,1628,Unfurnished,27,No,57.42
Ahmedabad,Navrangpura,Independent House,5,3262,Unfurnished,34,Yes,198.22
Surat,Althan,Villa,4,1435,Furnished,21,Yes,139.68
Surat,Althan,Independent House,4,3088,Unfurnished,21,Yes,30.25
Ahmedabad,Satellite,Apartment,1,2026,Unfurnished,3,No,122.93
Surat,Pal,Independent House,5,3133,Unfurnished,17,Yes,99.79
Ahmedabad,Satellite,Villa,5,972,Furnished,32,Yes,78.4
Ahmedabad,Satellite,Apartment,5,3341,Furnished,18,No,171.72
Surat,Piplod,Apartment,5,954,Furnished,33,Yes,154.74
Surat,Adajan,Apartment,3,2570,Semi-furnished,14,No,75.62
Ahmedabad,Navrangpura,Apartment,2,3800,Furnished,21,Yes,129.64
Ahmedabad,Gota,Villa,5,1638,Semi-furnished,12,No,71.17
Ahmedabad,Navrangpura,Apartment,5,4296,Semi-furnished,10,Yes,18.66
Ahmedabad,Navrangpura,Apartment,5,1662,Unfurnished,30,No,87.15
Surat,Althan,Apartment,4,4316,Furnished,5,Yes,113.82
Surat,Pal,Independent House,5,2331,Semi-furnished,16,No,88.81
Ahmedabad,SG Highway,Apartment,3,2754,Unfurnished,9,No,179.98
Ahmedabad,Gota,Independent House,2,3619,Unfurnished,27,Yes,67.79
Ahmedabad,Bopal,Villa,3,1233,Furnished,35,No,61.8
Ahmedabad,Satellite,Villa,2,3180,Unfurnished,35,No,63.79
Ahmedabad,Gota,Villa,4,1375,Semi-furnished,23,Yes,140.47
Surat,Vesu,Villa,3,3217,Unfurnished,31,No,119.03
Ahmedabad,SG Highway,Independent House,2,1537,Unfurnished,29,Yes,135.96
Ahmedabad,Navrangpura,Villa,4,2903,Furnished,24,Yes,135.63
Ahmedabad,SG Highway,Independent House,5,2840,Furnished,2,Yes,52.98
Ahmedabad,Gota,Apartment,5,1960,Unfurnished,15,Yes,52.15
Ahmedabad,Navrangpura,Independent House,3,4429,Semi-furnished,20,No,165.37
Surat,Piplod,Apartment,1,1480,Unfurnished,6,Yes,55.72
Ahmedabad,Satellite,Independent House,5,2180,Semi-furnished,25,No,13.95
Ahmedabad,SG Highway,Villa,5,1585,Unfurnished,17,Yes,43.08
Surat,Piplod,Independent House,4,3821,Semi-furnished,3,No,72.78
Surat,Piplod,Independent House,1,3551,Semi-furnished,11,No,17.52
Surat,Adajan,Independent House,5,4571,Semi-furnished,34,No,125.84
Ahmedabad,SG Highway,Villa,4,3606,Semi-furnished,32,Yes,149.97
Surat,Vesu,Apartment,2,2041,Furnished,28,Yes,50.59
Ahmedabad,Satellite,Villa,1,813,Unfurnished,31,Yes,153.26
Surat,Adajan,Apartment,4,4020,Furnished,4,Yes,166.82
Surat,Pal,Independent House,4,1138,Furnished,13,Yes,106.17
Surat,Althan,Apartment,5,537,Unfurnished,9,No,145.56
Ahmedabad,Navrangpura,Apartment,5,2101,Semi-furnished,8,No,28.04
Ahmedabad,Gota,Apartment,5,1087,Unfurnished,6,Yes,123.71
Surat,Piplod,Villa,5,1844,Furnished,19,Yes,24.99
Surat,Piplod,Apartment,5,1546,Furnished,22,Yes,51.53
Ahmedabad,Navrangpura,Independent House,5,912,Furnished,18,No,135.43
Surat,Adajan,Apartment,3,4944,Furnished,34,No,134.06
Surat,Piplod,Villa,1,4730,Unfurnished,23,Yes,11.93
Ahmedabad,Navrangpura,Villa,2,1628,Unfurnished,13,No,16.32
Surat,Piplod,Apartment,5,2887,Furnished,23,Yes,185.8
Ahmedabad,Bopal,Independent House,4,4757,Semi-furnished,4,Yes,138.77
Ahmedabad,SG Highway,Apartment,4,4055,Semi-furnished,20,Yes,153.09
Ahmedabad,Satellite,Apartment,2,4823,Unfurnished,17,No,116.26
Ahmedabad,Navrangpura,Villa,5,1459,Semi-furnished,31,Yes,103.76
Surat,Pal,Villa,3,4689,Semi-furnished,10,Yes,126.48
Surat,Piplod,Apartment,1,537,Furnished,25,No,70.08
Ahmedabad,Satellite,Independent House,1,3106,Furnished,19,No,83.27
Surat,Althan,Villa,4,1854,Furnished,10,No,198.47
Surat,Piplod,Villa,2,2232,Furnished,13,Yes,116.97
Surat,Pal,Villa,1,4908,Furnished,15,No,104.51
Ahmedabad,SG Highway,Apartment,1,2677,Unfurnished,26,No,135.42
Ahmedabad,SG Highway,Villa,2,1784,Semi-furnished,30,Yes,139.39
Ahmedabad,Navrangpura,Villa,1,3468,Unfurnished,33,Yes,22.81
Ahmedabad,SG Highway,Villa,1,3269,Semi-furnished,18,No,69.04
Surat,Vesu,Independent House,4,1807,Semi-furnished,35,Yes,132.42
Surat,Adajan,Apartment,5,1613,Semi-furnished,17,Yes,184.53
Surat,Vesu,Independent House,4,4400,Furnished,19,No,16.99
Ahmedabad,Navrangpura,Independent House,5,2677,Furnished,3,Yes,14.15
Ahmedabad,SG Highway,Villa,1,1230,Furnished,12,No,46.25
Surat,Adajan,Villa,3,4634,Furnished,4,Yes,47.2
Ahmedabad,Bopal,Independent House,5,3722,Semi-furnished,2,Yes,193.55
Ahmedabad,Navrangpura,Villa,3,1232,Furnished,8,No,17.63
Ahmedabad,Bopal,Villa,3,2850,Unfurnished,2,No,78.5
Ahmedabad,Navrangpura,Villa,1,645,Unfurnished,24,No,57.64
Ahmedabad,SG Highway,Villa,4,1859,Unfurnished,17,Yes,31.53
Surat,Vesu,Villa,5,2866,Semi-furnished,17,No,129.46
Surat,Althan,Independent House,5,2425,Semi-furnished,27,No,157.3
Ahmedabad,Satellite,Villa,3,2266,Unfurnished,28,Yes,131.51
Surat,Piplod,Villa,1,2867,Furnished,3,Yes,44.96
Surat,Piplod,Villa,1,1127,Unfurnished,8,Yes,58.34
Ahmedabad,Bopal,Villa,4,2094,Semi-furnished,14,Yes,183.69
Surat,Piplod,Villa,4,1816,Furnished,33,Yes,55.05
Ahmedabad,Satellite,Villa,5,2331,Furnished,31,Yes,67.32
Ahmedabad,Satellite,Villa,3,3127,Semi-furnished,15,No,142.05
Surat,Althan,Villa,4,1304,Unfurnished,7,No,29.01
Surat,Piplod,Independent House,5,652,Furnished,29,No,41.83
Surat,Vesu,Villa,1,2972,Unfurnished,26,No,94.02
Surat,Piplod,Apartment,2,3222,Semi-furnished,31,Yes,74.06
Surat,Piplod,Villa,3,2575,Unfurnished,27,No,121.36
Ahmedabad,SG Highway,Villa,1,1627,Unfurnished,16,No,38.57
Surat,Piplod,Independent House,5,4242,Unfurnished,13,Yes,161.99
Surat,Adajan,Apartment,2,3225,Furnished,24,No,23.19
Surat,Piplod,Independent House,5,4713,Unfurnished,29,No,56.36
Ahmedabad,Satellite,Villa,5,891,Semi-furnished,9,No,124.14
Ahmedabad,Gota,Independent House,4,893,Furnished,35,No,124.71
Ahmedabad,Navrangpura,Independent House,3,3485,Unfurnished,24,No,151.84
Surat,Adajan,Apartment,4,4918,Semi-furnished,17,Yes,49.98
Surat,Piplod,Apartment,2,675,Furnished,30,No,124.37
Ahmedabad,Satellite,Villa,5,1686,Furnished,21,No,137.51
Surat,Adajan,Independent House,5,3766,Unfurnished,3,No,78.86
Ahmedabad,Bopal,Apartment,5,3622,Unfurnished,8,No,129.19
Ahmedabad,SG Highway,Independent House,2,2533,Semi-furnished,19,Yes,191.49
Surat,Althan,Apartment,3,1635,Furnished,16,No,84.58
Surat,Althan,Apartment,3,4563,Furnished,26,Yes,137.28
Ahmedabad,Gota,Apartment,4,2298,Unfurnished,29,Yes,47.43
Ahmedabad,Bopal,Independent House,5,3666,Furnished,2,Yes,116.82
Surat,Pal,Independent House,4,4568,Semi-furnished,20,Yes,192.13
Surat,Althan,Independent House,5,1835,Semi-furnished,2,No,135.8
Surat,Vesu,Independent House,2,2377,Unfurnished,32,Yes,80.62
Ahmedabad,Satellite,Independent House,5,4743,Furnished,11,No,162.6
Surat,Adajan,Independent House,1,2652,Furnished,9,Yes,118.26
Surat,Piplod,Villa,3,3278,Furnished,27,Yes,93.63
Surat,Piplod,Apartment,3,4242,Furnished,14,No,199.75
Surat,Adajan,Apartment,3,1735,Semi-furnished,32,No,130.38
Surat,Piplod,Apartment,1,717,Unfurnished,29,No,183.1
Surat,Vesu,Apartment,3,2834,Semi-furnished,23,No,40.1
Ahmedabad,Bopal,Apartment,4,1863,Furnished,7,Yes,138.16
Ahmedabad,Navrangpura,Independent House,1,4760,Semi-furnished,19,No,91.15
Surat,Althan,Villa,4,2552,Semi-furnished,24,No,68.49
Surat,Adajan,Villa,1,3921,Unfurnished,25,No,192.33
Surat,Vesu,Villa,3,3069,Furnished,18,Yes,91.73
Ahmedabad,Satellite,Apartment,5,3704,Semi-furnished,30,No,113.35
Ahmedabad,Gota,Apartment,5,3452,Unfurnished,20,No,70.08
Surat,Adajan,Villa,5,1349,Unfurnished,27,Yes,100.38
Surat,Vesu,Apartment,3,4572,Unfurnished,6,No,193.57
Ahmedabad,Navrangpura,Apartment,4,2456,Furnished,30,Yes,162.7
Ahmedabad,Navrangpura,Apartment,1,4871,Furnished,18,Yes,37.99
Ahmedabad,Gota,Apartment,2,3783,Furnished,29,Yes,97.44
Ahmedabad,Navrangpura,Villa,3,1033,Semi-furnished,15,No,92.3
Ahmedabad,SG Highway,Villa,3,4249,Semi-furnished,7,No,56.4
Ahmedabad,Bopal,Independent House,1,2950,Unfurnished,20,Yes,58.79
Ahmedabad,Satellite,Apartment,1,4296,Furnished,34,No,157.7
Surat,Piplod,Villa,3,4843,Furnished,26,Yes,90.67
Surat,Adajan,Villa,2,650,Unfurnished,27,Yes,155.87
Surat,Pal,Villa,4,3724,Semi-furnished,33,No,42.63
Surat,Althan,Independent House,4,3676,Furnished,9,Yes,20.13
Surat,Pal,Villa,1,1390,Unfurnished,22,No,185.51
Ahmedabad,Navrangpura,Independent House,4,2867,Unfurnished,6,No,158.64
Surat,Vesu,Independent House,5,1434,Furnished,2,Yes,107.61
Ahmedabad,Gota,Villa,4,4243,Unfurnished,12,Yes,102.89
Surat,Piplod,Apartment,5,3697,Furnished,11,No,49.93
Ahmedabad,Navrangpura,Independent House,1,3038,Unfurnished,31,No,145.37
Ahmedabad,Satellite,Villa,5,2146,Furnished,8,Yes,36.32
Surat,Althan,Apartment,1,2777,Furnished,34,No,69.19
Ahmedabad,SG Highway,Apartment,1,1453,Furnished,30,Yes,153.16
Surat,Adajan,Independent House,2,1506,Furnished,22,No,143.26
Ahmedabad,SG Highway,Apartment,3,2323,Furnished,23,Yes,71.83
Surat,Vesu,Apartment,3,4624,Semi-furnished,26,No,59.26
Surat,Piplod,Independent House,3,1893,Unfurnished,7,Yes,144.93
Surat,Pal,Independent House,4,1870,Unfurnished,29,No,83.89
Surat,Pal,Independent House,4,2267,Furnished,32,No,116.84
Ahmedabad,Gota,Villa,4,1879,Unfurnished,30,Yes,90.85
Surat,Vesu,Apartment,3,507,Semi-furnished,9,Yes,156.84
Ahmedabad,Bopal,Apartment,5,3732,Furnished,17,No,165.71
Surat,Althan,Independent House,5,2237,Furnished,4,Yes,147.48
Surat,Piplod,Independent House,2,1008,Unfurnished,30,Yes,106.74
Surat,Pal,Villa,5,4340,Semi-furnished,33,No,187.86
Surat,Pal,Independent House,4,4097,Furnished,18,Yes,45.08
Ahmedabad,Gota,Independent House,1,1370,Furnished,29,Yes,116.96
Ahmedabad,SG Highway,Independent House,5,3140,Unfurnished,18,Yes,97.74
Surat,Piplod,Villa,5,3550,Furnished,2,No,131.79
Surat,Althan,Apartment,3,1719,Furnished,2,Yes,153.01
Ahmedabad,Navrangpura,Villa,3,4549,Furnished,10,Yes,63.91
Surat,Adajan,Villa,1,4191,Semi-furnished,25,Yes,190.64
Surat,Vesu,Apartment,1,3057,Semi-furnished,17,No,155.97
Surat,Adajan,Villa,2,3290,Semi-furnished,17,Yes,199.57
Surat,Althan,Villa,3,581,Furnished,3,No,147.79
Ahmedabad,SG Highway,Villa,4,2626,Furnished,20,No,23.92
Ahmedabad,Navrangpura,Villa,5,4369,Semi-furnished,6,Yes,113.82
Ahmedabad,SG Highway,Villa,4,4817,Furnished,31,No,102.59
Surat,Pal,Apartment,2,862,Semi-furnished,21,No,134.39
Ahmedabad,Navrangpura,Apartment,5,4158,Unfurnished,22,No,132.58
Ahmedabad,Satellite,Independent House,1,4479,Semi-furnished,24,Yes,33.71
Surat,Adajan,Apartment,1,3399,Unfurnished,25,No,29.75
Surat,Vesu,Apartment,3,1564,Furnished,2,Yes,62.32
Ahmedabad,Satellite,Apartment,2,2908,Unfurnished,12,Yes,28.48
Ahmedabad,Satellite,Independent House,2,1966,Semi-furnished,31,No,19.93
Ahmedabad,Gota,Apartment,3,2572,Furnished,19,No,154.86
Ahmedabad,Gota,Independent House,1,3324,Semi-furnished,8,Yes,148.05
Ahmedabad,Bopal,Apartment,1,4181,Semi-furnished,30,No,199.19
Surat,Piplod,Villa,2,864,Furnished,24,Yes,165.76
Ahmedabad,Navrangpura,Independent House,3,4299,Semi-furnished,11,No,47.98
Surat,Vesu,Apartment,5,4872,Furnished,11,No,17.88
Ahmedabad,Navrangpura,Independent House,5,2368,Furnished,8,Yes,154.9
Ahmedabad,SG Highway,Apartment,5,515,Furnished,16,No,191.35
Surat,Vesu,Apartment,2,3397,Furnished,7,No,189.99
Ahmedabad,Bopal,Apartment,3,3253,Semi-furnished,6,No,155.91
Ahmedabad,Satellite,Villa,3,2197,Furnished,26,Yes,64.65
Ahmedabad,Satellite,Villa,5,3173,Furnished,2,No,56.65
Ahmedabad,SG Highway,Villa,4,2344,Unfurnished,32,No,74.07
Ahmedabad,Satellite,Apartment,2,3412,Unfurnished,10,No,37.24
Surat,Adajan,Apartment,4,3964,Semi-furnished,11,Yes,68.13
Ahmedabad,Bopal,Independent House,2,1068,Unfurnished,15,No,165.92
Surat,Vesu,Independent House,3,516,Unfurnished,7,Yes,192.57
Surat,Pal,Apartment,4,3154,Furnished,10,No,71.07
Surat,Piplod,Villa,2,4488,Furnished,18,Yes,193.78
Surat,Pal,Apartment,2,3720,Furnished,18,Yes,142.73
Ahmedabad,Gota,Independent House,3,2187,Unfurnished,4,Yes,177.37
Surat,Adajan,Independent House,2,1658,Unfurnished,15,Yes,198.37
Ahmedabad,Gota,Independent House,1,4392,Unfurnished,25,No,64.86
Ahmedabad,SG Highway,Apartment,2,594,Unfurnished,13,Yes,148.13
Surat,Piplod,Independent House,5,3531,Unfurnished,22,Yes,180.16
Surat,Althan,Villa,2,1504,Unfurnished,3,Yes,197.18
Surat,Pal,Villa,2,3655,Unfurnished,15,Yes,81.78
Ahmedabad,Satellite,Apartment,3,3841,Unfurnished,11,No,121.49
Ahmedabad,Bopal,Villa,3,2505,Unfurnished,26,Yes,161.37
Ahmedabad,Satellite,Independent House,4,4900,Semi-furnished,35,Yes,114.92
Surat,Althan,Independent House,1,1716,Semi-furnished,23,Yes,168.11
Ahmedabad,Satellite,Apartment,3,1900,Unfurnished,25,No,10.6
Surat,Piplod,Villa,1,2115,Furnished,5,Yes,192.71
Surat,Adajan,Apartment,1,2984,Furnished,26,No,144.89
Ahmedabad,Satellite,Independent House,5,3523,Furnished,30,No,131.83
Surat,Vesu,Independent House,2,1365,Semi-furnished,11,No,20.47
Surat,Piplod,Villa,4,2656,Unfurnished,16,No,10.58
Ahmedabad,Bopal,Villa,2,643,Unfurnished,8,No,155.59
Surat,Piplod,Villa,3,638,Semi-furnished,26,No,73.22
Ahmedabad,Bopal,Apartment,2,1812,Furnished,24,No,56.66
Ahmedabad,Bopal,Villa,3,2500,Unfurnished,3,No,55.79
Ahmedabad,Navrangpura,Villa,2,3075,Furnished,31,No,102.08
Surat,Pal,Apartment,1,745,Furnished,35,Yes,70.74
Surat,Pal,Apartment,2,4051,Semi-furnished,15,No,17.13
Ahmedabad,SG Highway,Apartment,2,1716,Unfurnished,23,Yes,19.27
Ahmedabad,Gota,Apartment,5,3201,Unfurnished,35,No,155.98
Surat,Piplod,Independent House,1,3179,Semi-furnished,35,No,194.27
Surat,Piplod,Villa,3,998,Unfurnished,5,No,26.1
Surat,Althan,Villa,3,4845,Unfurnished,11,No,191.92
Ahmedabad,Gota,Apartment,5,4181,Semi-furnished,28,No,92.18
Surat,Althan,Independent House,5,4459,Furnished,33,No,101.72
Surat,Althan,Independent House,1,2354,Unfurnished,26,No,193.84
Ahmedabad,Bopal,Apartment,3,3259,Furnished,11,No,71.66
Surat,Vesu,Independent House,1,1527,Semi-furnished,12,Yes,79.8
Surat,Adajan,Villa,3,4241,Unfurnished,2,No,183.99
Ahmedabad,Navrangpura,Independent House,5,2410,Semi-furnished,24,Yes,196.52
Surat,Althan,Villa,4,3269,Semi-furnished,8,Yes,187.99
Surat,Adajan,Villa,3,2845,Furnished,5,Yes,75.22
Ahmedabad,Navrangpura,Independent House,3,2047,Furnished,6,No,45.02
Ahmedabad,Gota,Apartment,2,3536,Unfurnished,26,Yes,131.36
Surat,Vesu,Independent House,2,3025,Semi-furnished,28,No,196.45
Ahmedabad,Bopal,Apartment,3,4183,Furnished,17,Yes,190.4
Surat,Althan,Apartment,1,3317,Semi-furnished,26,No,172.64
Ahmedabad,SG Highway,Independent House,4,2900,Furnished,3,No,82.09
Surat,Piplod,Apartment,3,4410,Furnished,4,No,190.4
Ahmedabad,Gota,Apartment,1,1670,Semi-furnished,18,No,128.63
Surat,Pal,Independent House,1,1449,Unfurnished,28,No,147.02
Ahmedabad,Bopal,Independent House,4,2286,Semi-furnished,28,No,173.35
Ahmedabad,Navrangpura,Independent House,5,2645,Furnished,34,No,28.65
Surat,Althan,Villa,2,3474,Semi-furnished,35,No,192.35
Ahmedabad,SG Highway,Villa,2,3613,Unfurnished,14,Yes,174.88
Surat,Adajan,Villa,5,3886,Semi-furnished,21,No,169.76
Ahmedabad,Satellite,Independent House,5,4787,Semi-furnished,22,Yes,103.62
Ahmedabad,Navrangpura,Apartment,4,1103,Semi-furnished,24,No,186.6
Ahmedabad,SG Highway,Independent House,4,2945,Furnished,21,Yes,181.03
Surat,Althan,Apartment,5,1403,Furnished,25,Yes,23.96
Surat,Pal,Apartment,5,4623,Unfurnished,27,No,182.89
Surat,Vesu,Apartment,1,3112,Unfurnished,4,No,79.91
Surat,Pal,Independent House,5,2270,Furnished,33,Yes,49.82
Ahmedabad,Gota,Villa,2,1953,Furnished,14,Yes,170.57
Surat,Adajan,Apartment,5,3547,Semi-furnished,24,Yes,171.12
Ahmedabad,Bopal,Villa,3,2448,Semi-furnished,28,Yes,144.58
Ahmedabad,Navrangpura,Independent House,2,3539,Furnished,5,No,199.94
Surat,Piplod,Apartment,4,4730,Semi-furnished,6,Yes,182.1
Ahmedabad,SG Highway,Apartment,2,4427,Furnished,27,Yes,178.97
Ahmedabad,SG Highway,Apartment,5,1940,Furnished,25,Yes,123.99
Surat,Adajan,Independent House,3,756,Furnished,9,No,75.36
Ahmedabad,Gota,Independent House,3,3485,Semi-furnished,27,No,113.28
Surat,Adajan,Apartment,5,2068,Furnished,17,No,63.98
Ahmedabad,SG Highway,Villa,3,4836,Furnished,31,No,145.48
Surat,Adajan,Apartment,3,4311,Furnished,20,No,91.35
Surat,Piplod,Independent House,2,2984,Semi-furnished,29,Yes,39.18
Ahmedabad,Satellite,Villa,1,2787,Unfurnished,35,Yes,57.54
Surat,Piplod,Independent House,5,702,Unfurnished,30,Yes,64.8
Surat,Adajan,Apartment,4,1705,Furnished,24,No,36.95
Surat,Piplod,Apartment,2,3689,Semi-furnished,2,No,153.85
Surat,Vesu,Villa,4,2636,Furnished,21,Yes,171.65
Ahmedabad,SG Highway,Apartment,3,1891,Unfurnished,18,Yes,87.91
Surat,Pal,Apartment,4,3521,Furnished,33,No,184.53
Ahmedabad,Bopal,Independent House,4,2450,Semi-furnished,19,Yes,78.15
Surat,Adajan,Villa,5,894,Furnished,30,No,102.03
Ahmedabad,Satellite,Apartment,3,1850,Semi-furnished,10,No,122.44
Surat,Adajan,Independent House,1,1240,Furnished,18,Yes,164.68
Surat,Pal,Apartment,2,2569,Unfurnished,33,No,163.58
Ahmedabad,Navrangpura,Apartment,2,3793,Unfurnished,25,No,82.84
Ahmedabad,Satellite,Villa,4,2989,Semi-furnished,5,Yes,144.34
Ahmedabad,SG Highway,Independent House,5,1690,Furnished,7,No,33.05
Surat,Vesu,Villa,5,999,Furnished,11,No,96.15
Ahmedabad,Bopal,Villa,3,1083,Unfurnished,17,No,177.9
Ahmedabad,Gota,Independent House,3,4145,Unfurnished,28,Yes,68.71
Ahmedabad,Satellite,Villa,4,675,Unfurnished,23,No,75.0
Surat,Vesu,Independent House,2,4605,Furnished,28,Yes,93.17
Surat,Vesu,Villa,2,1466,Furnished,29,Yes,195.99
Surat,Pal,Independent House,1,729,Unfurnished,24,No,68.94
Surat,Althan,Villa,2,564,Furnished,9,Yes,145.03
Surat,Vesu,Apartment,3,2497,Unfurnished,29,Yes,39.16
Ahmedabad,SG Highway,Independent House,5,1451,Furnished,33,Yes,140.3
Surat,Vesu,Apartment,3,1777,Semi-furnished,31,No,108.54
Surat,Piplod,Independent House,3,2385,Unfurnished,20,Yes,92.25
Surat,Piplod,Villa,2,4491,Semi-furnished,12,Yes,191.59
Surat,Adajan,Villa,1,2705,Furnished,26,No,166.68
Surat,Vesu,Apartment,4,1791,Unfurnished,18,Yes,21.26
Surat,Vesu,Independent House,4,2361,Furnished,24,No,98.81
Ahmedabad,Bopal,Apartment,4,2920,Unfurnished,22,Yes,140.68
Ahmedabad,Navrangpura,Apartment,4,3087,Semi-furnished,18,No,29.2
Ahmedabad,Satellite,Apartment,3,1344,Semi-furnished,27,No,125.22
Ahmedabad,SG Highway,Independent House,2,3046,Unfurnished,9,Yes,52.32
Surat,Pal,Villa,2,692,Furnished,31,No,24.4
Ahmedabad,Navrangpura,Villa,4,3733,Semi-furnished,24,Yes,65.69
Surat,Althan,Independent House,3,1518,Furnished,22,No,70.76
Ahmedabad,Gota,Villa,4,3713,Unfurnished,2,Yes,133.68
Ahmedabad,Gota,Independent House,3,4002,Unfurnished,5,Yes,159.81
Ahmedabad,Gota,Villa,1,726,Unfurnished,2,No,72.55
Surat,Pal,Villa,2,1443,Furnished,5,No,142.34
Surat,Adajan,Apartment,3,2878,Unfurnished,3,Yes,101.71
Ahmedabad,Navrangpura,Apartment,5,1451,Semi-furnished,10,No,196.62
Surat,Pal,Apartment,2,936,Furnished,7,No,72.34
Surat,Piplod,Independent House,1,2152,Unfurnished,31,No,61.38
Ahmedabad,Gota,Apartment,2,3551,Unfurnished,33,Yes,102.78
Ahmedabad,Gota,Independent House,4,1201,Furnished,18,No,57.43
Surat,Pal,Independent House,2,589,Furnished,12,No,19.52
Ahmedabad,Satellite,Independent House,2,4707,Semi-furnished,31,Yes,144.7
Ahmedabad,Satellite,Apartment,1,2369,Furnished,8,No,143.49
Ahmedabad,Navrangpura,Apartment,5,1598,Unfurnished,28,No,139.65
Ahmedabad,Satellite,Villa,5,1065,Unfurnished,26,No,123.24
Surat,Adajan,Villa,3,4428,Furnished,29,No,142.9
Ahmedabad,Gota,Villa,1,4161,Semi-furnished,19,Yes,152.65
Surat,Adajan,Apartment,2,1541,Furnished,25,Yes,75.31
Surat,Pal,Apartment,4,3463,Semi-furnished,2,Yes,42.3
Ahmedabad,Gota,Independent House,2,4778,Semi-furnished,30,Yes,37.32
Surat,Piplod,Villa,5,4823,Furnished,2,Yes,19.92
Ahmedabad,Bopal,Independent House,3,4451,Semi-furnished,15,No,65.12
Ahmedabad,SG Highway,Apartment,4,3422,Furnished,23,Yes,155.06
Ahmedabad,Gota,Independent House,3,1708,Unfurnished,18,No,101.51
Surat,Adajan,Apartment,5,4112,Unfurnished,34,No,179.15
Ahmedabad,Navrangpura,Independent House,4,4587,Furnished,23,No,34.3
Ahmedabad,Satellite,Villa,4,3615,Furnished,9,No,147.31
Surat,Pal,Independent House,3,4169,Semi-furnished,30,No,197.4
Ahmedabad,Gota,Independent House,3,812,Furnished,33,Yes,119.21
Surat,Piplod,Apartment,2,2178,Semi-furnished,23,No,81.81
Ahmedabad,Navrangpura,Villa,3,2224,Semi-furnished,17,No,91.23
Ahmedabad,Satellite,Villa,2,951,Unfurnished,9,Yes,80.96
Surat,Pal,Villa,2,3969,Semi-furnished,8,Yes,135.16
Surat,Adajan,Villa,3,1699,Semi-furnished,8,Yes,198.77
Ahmedabad,Bopal,Villa,4,4955,Unfurnished,3,No,176.86
Surat,Vesu,Independent House,3,513,Semi-furnished,35,Yes,184.64
Ahmedabad,Navrangpura,Villa,1,3748,Furnished,18,No,84.6
Ahmedabad,Navrangpura,Villa,4,4425,Semi-furnished,24,No,130.98
Surat,Adajan,Independent House,1,4479,Semi-furnished,4,No,189.85
Surat,Adajan,Independent House,2,3808,Unfurnished,5,No,41.19
Ahmedabad,Gota,Villa,3,2332,Unfurnished,22,No,165.12
Surat,Vesu,Villa,5,1834,Unfurnished,9,No,56.48
Ahmedabad,Navrangpura,Independent House,2,3892,Furnished,19,Yes,140.2
Surat,Piplod,Apartment,2,3661,Furnished,2,No,23.41
Surat,Adajan,Apartment,4,4244,Furnished,35,Yes,31.4
Ahmedabad,Bopal,Villa,4,3892,Furnished,7,Yes,28.27
Ahmedabad,SG Highway,Villa,3,1114,Furnished,8,Yes,54.85
Ahmedabad,Gota,Villa,5,4635,Unfurnished,27,No,60.94
Ahmedabad,SG Highway,Independent House,4,2291,Unfurnished,35,Yes,186.91
Surat,Adajan,Apartment,4,2797,Unfurnished,13,No,180.25
Ahmedabad,Bopal,Villa,2,2861,Furnished,29,Yes,177.68
Ahmedabad,Gota,Apartment,2,1290,Furnished,26,Yes,178.74
Surat,Adajan,Villa,3,1135,Semi-furnished,34,Yes,73.72
Surat,Piplod,Independent House,4,4801,Semi-furnished,33,No,86.49
Ahmedabad,Bopal,Independent House,5,1408,Unfurnished,8,Yes,73.75
Surat,Adajan,Independent House,5,4027,Furnished,22,No,129.14
Ahmedabad,Gota,Independent House,4,2304,Furnished,24,No,149.85
Surat,Piplod,Villa,5,2372,Unfurnished,28,Yes,177.35
Ahmedabad,Satellite,Villa,3,4963,Furnished,29,Yes,16.04
Surat,Piplod,Independent House,2,1032,Semi-furnished,14,No,180.09
Surat,Althan,Independent House,5,1355,Semi-furnished,9,No,166.71
Ahmedabad,Navrangpura,Villa,5,3389,Semi-furnished,14,No,119.82
Surat,Althan,Independent House,4,1095,Unfurnished,24,Yes,85.11
Surat,Pal,Independent House,4,3124,Semi-furnished,9,No,191.1
Ahmedabad,Bopal,Independent House,3,4285,Unfurnished,8,Yes,110.79
Ahmedabad,Gota,Villa,3,1793,Unfurnished,6,No,109.89
Surat,Althan,Villa,2,959,Semi-furnished,11,No,65.12
Surat,Adajan,Villa,3,3393,Furnished,16,Yes,108.2
Ahmedabad,SG Highway,Independent House,2,4951,Unfurnished,23,No,114.01
Ahmedabad,Satellite,Apartment,1,4035,Furnished,7,No,141.22
Surat,Adajan,Apartment,4,4911,Semi-furnished,9,No,68.0
Surat,Adajan,Independent House,4,1331,Semi-furnished,16,Yes,133.66
Ahmedabad,Satellite,Apartment,4,3665,Semi-furnished,13,No,195.18
Ahmedabad,Bopal,Apartment,3,1945,Semi-furnished,2,Yes,193.26
Surat,Adajan,Apartment,5,3214,Unfurnished,17,Yes,195.58
Ahmedabad,Satellite,Independent House,5,3554,Semi-furnished,22,No,100.98
Ahmedabad,SG Highway,Villa,5,680,Furnished,5,No,37.73
Ahmedabad,Satellite,Apartment,5,2220,Semi-furnished,34,Yes,26.28
Ahmedabad,Satellite,Apartment,4,3214,Furnished,18,Yes,171.11
Ahmedabad,Gota,Independent House,3,4521,Furnished,25,No,144.81
Surat,Pal,Villa,1,3749,Semi-furnished,6,No,140.14
Ahmedabad,Bopal,Independent House,5,961,Unfurnished,29,Yes,101.46
Surat,Vesu,Independent House,2,1271,Semi-furnished,28,Yes,148.37
Surat,Vesu,Apartment,1,1037,Unfurnished,30,Yes,154.27
Ahmedabad,Navrangpura,Apartment,5,3326,Furnished,11,No,62.74
Surat,Piplod,Villa,5,2188,Semi-furnished,21,Yes,32.15
Surat,Piplod,Independent House,5,4357,Semi-furnished,13,No,87.93
Surat,Pal,Villa,5,1485,Furnished,24,Yes,168.78
Surat,Vesu,Apartment,3,2451,Semi-furnished,30,No,54.68
Ahmedabad,Navrangpura,Independent House,3,3634,Unfurnished,15,Yes,57.19
Ahmedabad,Bopal,Independent House,1,3015,Semi-furnished,17,Yes,127.09
Surat,Althan,Villa,5,4504,Semi-furnished,3,No,140.19
Surat,Vesu,Apartment,4,4079,Unfurnished,6,No,189.54
Surat,Piplod,Apartment,4,1816,Furnished,16,Yes,80.95
Surat,Adajan,Apartment,2,1568,Furnished,18,No,112.47
Ahmedabad,Gota,Independent House,1,1508,Semi-furnished,14,No,25.19
Ahmedabad,SG Highway,Apartment,2,1772,Semi-furnished,31,Yes,13.7
Ahmedabad,Bopal,Villa,5,698,Semi-furnished,33,No,165.6
Surat,Vesu,Villa,2,3310,Furnished,3,No,155.99
Ahmedabad,Bopal,Independent House,2,1593,Unfurnished,5,Yes,123.28
Surat,Vesu,Independent House,5,2209,Semi-furnished,35,Yes,139.58
Surat,Adajan,Villa,2,4485,Furnished,11,No,107.56
Surat,Vesu,Independent House,3,1032,Unfurnished,34,Yes,63.95
Surat,Pal,Independent House,3,4286,Semi-furnished,30,Yes,195.44
Ahmedabad,Satellite,Apartment,4,2077,Furnished,31,Yes,127.94
Surat,Adajan,Independent House,3,4669,Semi-furnished,22,Yes,147.39
Ahmedabad,Bopal,Apartment,5,3716,Unfurnished,12,Yes,87.83
Ahmedabad,Gota,Apartment,3,2679,Semi-furnished,7,Yes,57.85
Surat,Althan,Independent House,3,3966,Unfurnished,3,No,191.96
Ahmedabad,Satellite,Villa,4,4473,Unfurnished,34,No,59.62
Ahmedabad,Navrangpura,Independent House,1,2807,Unfurnished,15,No,157.74
Ahmedabad,Satellite,Apartment,3,2372,Furnished,13,Yes,50.91
Ahmedabad,Navrangpura,Apartment,3,1253,Furnished,22,Yes,89.94
Ahmedabad,Gota,Villa,1,1335,Unfurnished,27,Yes,100.9
Surat,Piplod,Independent House,4,2365,Furnished,3,No,115.25
Surat,Vesu,Apartment,2,838,Semi-furnished,15,Yes,30.58
Surat,Althan,Villa,4,1781,Semi-furnished,29,Yes,28.59
Surat,Piplod,Independent House,3,4637,Unfurnished,12,Yes,49.12
Surat,Althan,Independent House,3,2873,Semi-furnished,19,Yes,109.29
Ahmedabad,Navrangpura,Independent House,5,1998,Furnished,21,No,107.31
Surat,Althan,Villa,4,2158,Semi-furnished,22,Yes,138.0
Ahmedabad,Gota,Independent House,1,2494,Furnished,33,Yes,166.74
Surat,Adajan,Apartment,3,4223,Unfurnished,15,Yes,193.97
Surat,Vesu,Apartment,3,1668,Furnished,26,No,150.96
Ahmedabad,SG Highway,Apartment,3,3379,Furnished,34,No,24.01
Surat,Vesu,Independent House,3,2570,Semi-furnished,15,No,38.88
Surat,Althan,Villa,2,4439,Unfurnished,14,Yes,157.21
Ahmedabad,SG Highway,Independent House,5,2952,Semi-furnished,31,Yes,98.0
Surat,Piplod,Villa,3,3397,Semi-furnished,8,Yes,50.38
Surat,Piplod,Apartment,2,2502,Semi-furnished,2,No,138.43
Surat,Vesu,Apartment,2,2095,Furnished,17,No,58.96
Surat,Pal,Independent House,4,2940,Furnished,10,No,162.46
Ahmedabad,SG Highway,Apartment,3,4413,Furnished,3,No,119.8
Ahmedabad,Gota,Apartment,2,2541,Unfurnished,3,No,20.51
Ahmedabad,Bopal,Villa,1,607,Unfurnished,12,No,107.16
Ahmedabad,SG Highway,Independent House,1,590,Furnished,29,No,64.57
Surat,Piplod,Apartment,5,3948,Semi-furnished,20,Yes,44.94
Surat,Pal,Apartment,4,1427,Furnished,16,Yes,46.58
Surat,Adajan,Apartment,3,3423,Unfurnished,15,Yes,17.39
Ahmedabad,SG Highway,Villa,5,3355,Unfurnished,5,Yes,21.43
Ahmedabad,SG Highway,Apartment,5,4599,Unfurnished,20,Yes,121.76
Ahmedabad,Navrangpura,Apartment,1,719,Furnished,22,Yes,157.8
Ahmedabad,Satellite,Apartment,3,1246,Furnished,28,No,189.97
Ahmedabad,Navrangpura,Independent House,5,665,Semi-furnished,25,No,34.98
Ahmedabad,Navrangpura,Apartment,3,1598,Semi-furnished,12,Yes,14.0
Ahmedabad,Bopal,Villa,4,944,Unfurnished,16,No,136.61
Surat,Pal,Apartment,2,3975,Furnished,6,Yes,55.37
Ahmedabad,Satellite,Independent House,1,4535,Unfurnished,9,No,158.39
Surat,Althan,Independent House,5,3988,Semi-furnished,12,Yes,199.57
Ahmedabad,Satellite,Independent House,4,4275,Semi-furnished,16,No,167.76
Ahmedabad,Navrangpura,Villa,1,1049,Unfurnished,9,Yes,82.44
Surat,Althan,Apartment,4,4930,Semi-furnished,10,No,195.11
Ahmedabad,SG Highway,Apartment,1,4350,Unfurnished,21,No,32.84
Ahmedabad,Satellite,Villa,1,4689,Unfurnished,18,No,22.83
Surat,Pal,Villa,2,4639,Unfurnished,30,No,139.11
Ahmedabad,Satellite,Apartment,3,2185,Semi-furnished,4,Yes,25.92
Surat,Althan,Villa,1,4345,Semi-furnished,26,Yes,109.89
Ahmedabad,SG Highway,Villa,5,1567,Furnished,22,Yes,164.69
Ahmedabad,Satellite,Villa,1,3913,Unfurnished,24,Yes,150.98
Surat,Piplod,Independent House,2,3611,Semi-furnished,25,Yes,21.12
Ahmedabad,Satellite,Independent House,3,880,Unfurnished,25,Yes,102.37
Ahmedabad,Satellite,Independent House,1,4613,Unfurnished,29,No,87.26
Surat,Althan,Apartment,1,1760,Furnished,20,Yes,153.74
Surat,Piplod,Apartment,4,3628,Furnished,15,No,172.73
Ahmedabad,Satellite,Villa,2,511,Semi-furnished,31,Yes,103.67
Surat,Piplod,Apartment,1,2885,Furnished,24,Yes,194.32
Ahmedabad,Navrangpura,Apartment,4,720,Unfurnished,12,Yes,59.18
Surat,Althan,Apartment,4,3162,Semi-furnished,17,No,93.66
Ahmedabad,Satellite,Villa,5,4567,Furnished,18,Yes,184.87
Ahmedabad,Navrangpura,Apartment,4,4468,Unfurnished,6,Yes,72.74
Surat,Pal,Apartment,4,3468,Semi-furnished,14,No,189.9
Surat,Vesu,Apartment,3,1375,Unfurnished,3,Yes,23.4
Surat,Althan,Independent House,2,2955,Furnished,32,Yes,95.95
Surat,Althan,Villa,1,2626,Semi-furnished,16,No,39.97
Surat,Althan,Apartment,3,4057,Unfurnished,15,No,17.82
Ahmedabad,Navrangpura,Villa,3,1244,Furnished,14,No,23.22
Ahmedabad,Gota,Villa,1,1231,Semi-furnished,5,No,15.82
Surat,Vesu,Independent House,4,1350,Furnished,18,No,193.81
Ahmedabad,SG Highway,Independent House,5,4749,Furnished,4,Yes,43.63
Ahmedabad,Gota,Villa,3,2972,Furnished,34,Yes,162.75
Surat,Adajan,Villa,3,2452,Furnished,33,No,86.63
Ahmedabad,Gota,Independent House,1,1783,Furnished,25,Yes,66.35
Ahmedabad,Satellite,Apartment,1,1820,Furnished,5,Yes,76.37
Ahmedabad,Navrangpura,Villa,2,827,Unfurnished,23,Yes,172.34
Surat,Pal,Apartment,5,3312,Semi-furnished,2,No,13.54
Surat,Piplod,Independent House,5,3054,Unfurnished,16,Yes,112.86
Ahmedabad,Gota,Apartment,3,1918,Furnished,16,No,114.36
Ahmedabad,Navrangpura,Independent House,4,4008,Unfurnished,12,No,197.31
Ahmedabad,Gota,Apartment,2,3180,Semi-furnished,17,Yes,194.39
Ahmedabad,Gota,Independent House,5,3238,Unfurnished,27,Yes,54.37
Ahmedabad,SG Highway,Independent House,4,649,Unfurnished,2,No,44.86
Ahmedabad,Gota,Independent House,1,1728,Semi-furnished,21,Yes,180.75
Surat,Piplod,Independent House,4,4544,Furnished,19,Yes,165.93
Ahmedabad,SG Highway,Apartment,5,2253,Semi-furnished,23,Yes,42.49
Surat,Pal,Independent House,4,3190,Furnished,24,No,78.55
Surat,Vesu,Apartment,5,3864,Furnished,26,Yes,168.39
Surat,Piplod,Villa,1,4620,Semi-furnished,26,Yes,93.16
Ahmedabad,Satellite,Independent House,5,761,Unfurnished,25,Yes,28.75
Surat,Adajan,Independent House,5,1917,Furnished,31,No,122.68
Ahmedabad,Satellite,Independent House,4,3946,Unfurnished,21,No,114.31
Ahmedabad,SG Highway,Independent House,3,4070,Furnished,14,No,39.84
Ahmedabad,Gota,Apartment,5,4186,Unfurnished,14,Yes,165.82
Ahmedabad,Satellite,Independent House,2,2411,Furnished,22,No,102.68
Surat,Adajan,Independent House,2,1498,Semi-furnished,32,Yes,197.9
Surat,Althan,Apartment,5,1623,Unfurnished,26,No,131.65
Ahmedabad,Gota,Independent House,5,3900,Furnished,11,No,11.8
Ahmedabad,Gota,Independent House,1,2390,Semi-furnished,14,Yes,106.42
Surat,Pal,Apartment,1,1850,Furnished,28,No,44.54
Ahmedabad,Gota,Independent House,5,2502,Unfurnished,13,No,75.58
Surat,Piplod,Villa,3,3603,Furnished,12,Yes,107.67
Ahmedabad,Satellite,Villa,1,3974,Furnished,32,No,56.62
Ahmedabad,Satellite,Villa,5,1494,Semi-furnished,17,Yes,145.37
Ahmedabad,Gota,Apartment,4,4932,Semi-furnished,3,Yes,143.27
Ahmedabad,Bopal,Apartment,3,2560,Semi-furnished,22,Yes,106.07
Surat,Althan,Independent House,4,4986,Unfurnished,16,No,75.99
Ahmedabad,SG Highway,Apartment,4,2940,Semi-furnished,12,No,192.57
Surat,Adajan,Apartment,5,3157,Semi-furnished,22,No,68.82
Ahmedabad,Navrangpura,Villa,3,3961,Furnished,32,No,152.21
Ahmedabad,SG Highway,Apartment,2,1133,Furnished,24,No,20.58
Ahmedabad,Navrangpura,Apartment,3,3851,Unfurnished,32,Yes,182.84
Ahmedabad,Satellite,Apartment,5,3254,Semi-furnished,24,No,99.67
Surat,Adajan,Villa,5,4410,Unfurnished,34,No,136.18
Surat,Pal,Independent House,2,776,Unfurnished,13,Yes,119.95
Surat,Vesu,Independent House,5,4312,Furnished,15,No,63.45
Ahmedabad,Gota,Apartment,3,1345,Furnished,18,No,189.37
Ahmedabad,Satellite,Independent House,1,2576,Semi-furnished,5,Yes,145.9
Surat,Althan,Apartment,3,1498,Semi-furnished,13,No,11.69
Ahmedabad,SG Highway,Apartment,5,3759,Semi-furnished,19,Yes,49.67
Ahmedabad,Gota,Villa,1,2133,Furnished,7,No,31.07
Ahmedabad,Satellite,Apartment,3,1052,Furnished,24,Yes,46.12
Ahmedabad,Bopal,Apartment,1,897,Semi-furnished,13,Yes,197.34
Surat,Althan,Apartment,2,1234,Furnished,28,No,192.87
Ahmedabad,SG Highway,Independent House,4,4077,Furnished,21,No,71.3
Surat,Piplod,Villa,1,1512,Unfurnished,3,Yes,103.21
Surat,Pal,Independent House,3,1906,Semi-furnished,29,Yes,167.03
Surat,Piplod,Villa,5,3221,Semi-furnished,21,No,85.85
Ahmedabad,Navrangpura,Villa,5,3243,Furnished,27,No,149.8
Ahmedabad,Gota,Apartment,1,3272,Semi-furnished,11,No,119.49
Surat,Adajan,Villa,5,599,Furnished,27,No,124.04
Surat,Adajan,Apartment,5,4443,Semi-furnished,5,Yes,177.59
Surat,Pal,Villa,1,2056,Unfurnished,12,Yes,73.29
Ahmedabad,Gota,Independent House,3,4440,Unfurnished,20,No,92.26
Surat,Althan,Apartment,1,736,Unfurnished,8,Yes,141.87
Surat,Althan,Apartment,5,3284,Unfurnished,30,Yes,63.18
Surat,Vesu,Villa,2,881,Furnished,16,Yes,134.02
Surat,Adajan,Villa,5,4497,Unfurnished,28,No,80.32
Surat,Althan,Independent House,4,1565,Unfurnished,34,No,171.12
Surat,Adajan,Apartment,3,2989,Semi-furnished,18,No,144.91
Ahmedabad,SG Highway,Apartment,2,3676,Unfurnished,18,Yes,11.85
Ahmedabad,SG Highway,Apartment,1,4631,Furnished,26,Yes,173.47
Surat,Adajan,Villa,3,4914,Unfurnished,4,No,179.22
Ahmedabad,Navrangpura,Villa,1,1603,Semi-furnished,8,No,71.8
Ahmedabad,SG Highway,Independent House,5,3957,Furnished,27,No,11.71
Ahmedabad,Gota,Independent House,3,3083,Semi-furnished,2,No,129.26
Surat,Althan,Villa,2,634,Unfurnished,26,No,176.5
Surat,Piplod,Villa,3,3410,Furnished,13,No,16.52
Ahmedabad,Gota,Independent House,1,1183,Unfurnished,3,No,146.73
Ahmedabad,Satellite,Villa,1,4947,Unfurnished,22,No,166.7
Surat,Althan,Villa,5,2375,Semi-furnished,17,Yes,145.83
Surat,Vesu,Independent House,5,823,Furnished,14,Yes,187.56
Ahmedabad,Gota,Apartment,5,1961,Furnished,12,Yes,30.32
Surat,Pal,Independent House,4,3319,Furnished,7,No,57.12
Ahmedabad,SG Highway,Independent House,4,2912,Unfurnished,27,No,63.29
Surat,Vesu,Villa,4,2476,Unfurnished,33,Yes,157.87
Ahmedabad,Satellite,Independent House,3,1405,Semi-furnished,10,No,10.59
Ahmedabad,Gota,Villa,4,4808,Unfurnished,31,Yes,189.24
Surat,Vesu,Villa,1,2939,Furnished,9,No,141.74
Ahmedabad,Satellite,Villa,5,1634,Unfurnished,19,No,118.24
Surat,Vesu,Apartment,2,2290,Furnished,34,Yes,135.64
Surat,Vesu,Independent House,2,4902,Semi-furnished,26,No,169.94
Ahmedabad,Navrangpura,Independent House,1,4007,Furnished,33,No,172.47
Ahmedabad,SG Highway,Apartment,2,1943,Semi-furnished,22,No,107.32
Surat,Vesu,Villa,4,4415,Furnished,5,No,198.28
Surat,Pal,Villa,4,1686,Furnished,7,No,53.54
Surat,Althan,Apartment,1,4121,Furnished,14,No,150.59
Surat,Piplod,Villa,2,939,Unfurnished,28,Yes,93.18
Surat,Vesu,Villa,2,3549,Unfurnished,12,Yes,48.45
Surat,Adajan,Independent House,4,1341,Furnished,15,No,63.53
Ahmedabad,Bopal,Apartment,1,4267,Unfurnished,26,No,16.28
Ahmedabad,Navrangpura,Apartment,3,4591,Semi-furnished,8,No,96.34
Surat,Vesu,Villa,2,3298,Semi-furnished,19,No,145.79
Ahmedabad,Gota,Apartment,1,1317,Unfurnished,6,Yes,188.06
Surat,Adajan,Villa,5,1986,Furnished,5,No,142.19
Ahmedabad,Bopal,Independent House,1,3711,Semi-furnished,29,Yes,25.75
Surat,Piplod,Independent House,2,4978,Unfurnished,7,No,141.58
Surat,Piplod,Villa,2,1174,Furnished,23,Yes,107.4
Ahmedabad,SG Highway,Villa,3,3196,Semi-furnished,20,Yes,82.67
Surat,Vesu,Independent House,5,765,Unfurnished,35,Yes,138.21
Surat,Piplod,Villa,2,4309,Furnished,26,No,96.33
Surat,Adajan,Apartment,1,3052,Semi-furnished,33,Yes,105.74
Surat,Althan,Villa,4,578,Furnished,26,No,50.28
Ahmedabad,Gota,Villa,5,4337,Semi-furnished,14,Yes,12.34
Ahmedabad,Gota,Villa,5,704,Furnished,3,No,43.59
Ahmedabad,Navrangpura,Apartment,3,1512,Semi-furnished,3,No,37.62
Ahmedabad,Satellite,Apartment,4,4182,Semi-furnished,33,No,85.08
Ahmedabad,Navrangpura,Villa,2,3918,Semi-furnished,7,Yes,189.75
Ahmedabad,Bopal,Apartment,1,2007,Furnished,10,Yes,92.21
Surat,Althan,Independent House,3,2867,Unfurnished,13,No,123.24
Surat,Althan,Apartment,2,3875,Furnished,20,No,156.5
Ahmedabad,Satellite,Apartment,4,1420,Unfurnished,26,Yes,88.07
Surat,Althan,Villa,1,2499,Unfurnished,8,Yes,186.52
Surat,Pal,Apartment,5,3752,Furnished,34,No,169.05
Surat,Pal,Villa,3,2260,Unfurnished,14,No,43.44
Ahmedabad,Navrangpura,Villa,5,537,Semi-furnished,26,No,17.7
Ahmedabad,Gota,Independent House,3,2358,Furnished,27,No,126.07
Surat,Adajan,Apartment,2,2254,Furnished,19,Yes,175.9
Surat,Althan,Apartment,3,3580,Semi-furnished,9,No,41.45
Surat,Vesu,Villa,1,2503,Unfurnished,16,Yes,40.31
Ahmedabad,Satellite,Villa,4,2173,Semi-furnished,3,No,153.38
Surat,Vesu,Apartment,4,1189,Furnished,24,No,156.87
Ahmedabad,Navrangpura,Villa,1,1405,Unfurnished,15,No,134.33
Surat,Adajan,Independent House,1,763,Semi-furnished,29,No,27.98
Ahmedabad,Bopal,Villa,2,3578,Semi-furnished,21,No,91.19
Surat,Pal,Apartment,1,953,Unfurnished,2,Yes,14.25
Surat,Althan,Villa,2,4167,Semi-furnished,24,No,142.15
Surat,Vesu,Independent House,1,2152,Unfurnished,17,No,91.89
Ahmedabad,Satellite,Independent House,4,2416,Semi-furnished,21,No,176.22
Ahmedabad,Satellite,Villa,5,2547,Furnished,22,Yes,56.78
Surat,Vesu,Apartment,3,1420,Semi-furnished,31,No,146.84
Ahmedabad,Satellite,Apartment,3,550,Semi-furnished,8,No,54.24
Ahmedabad,Navrangpura,Independent House,5,4691,Semi-furnished,22,No,91.15
Ahmedabad,Satellite,Villa,3,1341,Unfurnished,21,Yes,197.32
Surat,Piplod,Apartment,2,2444,Unfurnished,15,Yes,13.39
Ahmedabad,Gota,Independent House,2,4957,Semi-furnished,23,Yes,17.85
Ahmedabad,Satellite,Villa,5,925,Unfurnished,12,No,124.12
Surat,Pal,Apartment,5,4317,Semi-furnished,26,No,31.75
Ahmedabad,Satellite,Independent House,5,522,Semi-furnished,35,Yes,25.79
Surat,Vesu,Independent House,1,3461,Furnished,19,No,82.89
Surat,Pal,Independent House,2,1520,Furnished,19,Yes,121.0
Surat,Pal,Apartment,4,4585,Furnished,19,Yes,63.69
Ahmedabad,SG Highway,Apartment,2,1600,Semi-furnished,5,No,58.08
Ahmedabad,Gota,Villa,5,4502,Unfurnished,26,No,33.83
Ahmedabad,Bopal,Independent House,3,4258,Furnished,17,No,169.38
Ahmedabad,Bopal,Apartment,3,1830,Unfurnished,22,No,178.56
Ahmedabad,SG Highway,Independent House,1,3976,Unfurnished,15,Yes,37.65
Surat,Vesu,Apartment,4,3498,Unfurnished,7,No,128.68
Surat,Althan,Apartment,5,3330,Unfurnished,16,No,143.05
Ahmedabad,Bopal,Independent House,1,3620,Semi-furnished,7,Yes,10.49
Surat,Adajan,Apartment,3,2337,Semi-furnished,23,Yes,143.8
Surat,Vesu,Apartment,4,4240,Furnished,20,Yes,86.63
Surat,Pal,Apartment,5,4025,Furnished,20,Yes,196.26
Ahmedabad,Bopal,Independent House,4,1050,Unfurnished,3,Yes,129.5
Surat,Vesu,Independent House,5,4484,Furnished,30,Yes,194.46
Ahmedabad,Gota,Villa,2,1721,Semi-furnished,34,Yes,24.05
Surat,Vesu,Apartment,1,3968,Unfurnished,26,No,75.77
Ahmedabad,Bopal,Apartment,1,1322,Furnished,7,Yes,122.85
Surat,Althan,Apartment,5,4642,Semi-furnished,21,No,154.5
Surat,Vesu,Independent House,1,1579,Furnished,19,No,172.79
Surat,Vesu,Apartment,3,3911,Furnished,19,No,121.11
Ahmedabad,SG Highway,Independent House,3,1044,Furnished,2,Yes,85.42
Surat,Pal,Independent House,4,1772,Semi-furnished,18,Yes,120.46
Surat,Vesu,Villa,4,1633,Unfurnished,33,Yes,147.0
Surat,Pal,Villa,5,3349,Furnished,22,No,196.65
Ahmedabad,SG Highway,Villa,1,3779,Semi-furnished,13,Yes,65.82
Ahmedabad,Bopal,Apartment,1,4260,Furnished,9,No,112.91
Surat,Piplod,Independent House,2,1345,Furnished,23,No,21.45
Ahmedabad,Bopal,Independent House,4,2648,Furnished,23,No,32.43
Surat,Adajan,Apartment,4,4429,Furnished,31,No,165.24
Surat,Adajan,Villa,2,1408,Semi-furnished,16,Yes,165.1
Ahmedabad,Satellite,Apartment,4,4759,Furnished,33,No,27.29
Ahmedabad,Bopal,Independent House,5,1092,Furnished,7,No,178.58
Ahmedabad,Gota,Villa,1,2946,Semi-furnished,14,Yes,68.69
Ahmedabad,Gota,Independent House,4,2910,Semi-furnished,29,No,76.02
Ahmedabad,Satellite,Villa,5,2621,Furnished,33,Yes,175.56
Ahmedabad,Navrangpura,Apartment,4,2390,Unfurnished,25,No,19.54
Ahmedabad,SG Highway,Independent House,1,1132,Furnished,21,No,142.83
Ahmedabad,Navrangpura,Independent House,1,2318,Semi-furnished,11,Yes,182.01
Surat,Adajan,Villa,4,3353,Unfurnished,8,No,58.16
Ahmedabad,Navrangpura,Apartment,4,970,Semi-furnished,35,No,95.23
Surat,Pal,Villa,4,1376,Unfurnished,5,Yes,59.68
Ahmedabad,SG Highway,Villa,5,2781,Semi-furnished,5,Yes,150.94
Ahmedabad,SG Highway,Apartment,3,3277,Unfurnished,16,No,49.38
Surat,Vesu,Independent House,1,4523,Furnished,6,No,72.88
Surat,Vesu,Independent House,3,3250,Furnished,5,Yes,60.79
Ahmedabad,Gota,Villa,1,1588,Semi-furnished,3,Yes,53.8
Ahmedabad,Bopal,Apartment,2,2988,Unfurnished,30,No,93.38
Ahmedabad,Bopal,Villa,4,3821,Semi-furnished,13,No,199.32
Surat,Vesu,Apartment,3,3188,Unfurnished,33,Yes,119.91
Surat,Althan,Apartment,4,832,Semi-furnished,21,No,170.95
Surat,Pal,Independent House,3,909,Semi-furnished,12,Yes,159.51
Ahmedabad,Gota,Apartment,2,1165,Unfurnished,28,No,145.26
Ahmedabad,Satellite,Apartment,4,3965,Unfurnished,24,No,51.82
Ahmedabad,SG Highway,Apartment,1,2502,Semi-furnished,23,Yes,75.64
Surat,Pal,Apartment,1,3038,Furnished,35,Yes,156.38
Surat,Pal,Apartment,2,4728,Furnished,9,Yes,15.85
Surat,Pal,Villa,2,726,Unfurnished,29,No,64.52
Surat,Adajan,Villa,3,1680,Unfurnished,26,No,128.56
Ahmedabad,Gota,Villa,1,3065,Furnished,17,Yes,181.09
Surat,Pal,Apartment,2,1695,Unfurnished,9,Yes,153.43
Ahmedabad,Navrangpura,Villa,4,2781,Unfurnished,18,No,102.3
Ahmedabad,Navrangpura,Apartment,4,944,Unfurnished,27,Yes,90.49
Surat,Althan,Independent House,1,3666,Unfurnished,28,No,160.1
Ahmedabad,Navrangpura,Independent House,4,4926,Furnished,5,Yes,92.18
Surat,Althan,Independent House,4,1772,Furnished,7,Yes,30.68
Surat,Adajan,Apartment,3,2514,Furnished,3,No,149.2
Surat,Vesu,Apartment,5,2931,Semi-furnished,18,Yes,141.25
Ahmedabad,Navrangpura,Villa,5,4357,Unfurnished,4,Yes,89.82
Surat,Pal,Independent House,2,1487,Unfurnished,3,Yes,144.64
Ahmedabad,Satellite,Independent House,2,1038,Semi-furnished,15,Yes,176.37
Surat,Piplod,Apartment,2,2619,Furnished,21,No,101.07
Surat,Pal,Apartment,2,2820,Semi-furnished,22,Yes,112.76
Ahmedabad,Navrangpura,Apartment,1,2259,Unfurnished,19,Yes,177.69
Ahmedabad,Navrangpura,Villa,3,3849,Semi-furnished,7,Yes,10.05
Ahmedabad,Satellite,Apartment,4,4609,Unfurnished,18,No,154.81
Ahmedabad,Gota,Independent House,3,4467,Unfurnished,12,Yes,171.13
Ahmedabad,Satellite,Villa,4,2736,Semi-furnished,19,Yes,105.61
Ahmedabad,Satellite,Apartment,3,787,Furnished,10,Yes,35.18
Surat,Vesu,Independent House,5,2417,Semi-furnished,16,No,98.77
Ahmedabad,SG Highway,Independent House,2,2204,Unfurnished,8,Yes,73.51
Ahmedabad,Navrangpura,Independent House,4,2831,Semi-furnished,15,No,17.21
Surat,Piplod,Villa,4,1336,Unfurnished,12,No,85.78
Surat,Piplod,Villa,2,4900,Unfurnished,34,No,113.49
Surat,Adajan,Apartment,5,2657,Furnished,13,No,196.28
Ahmedabad,Gota,Apartment,1,944,Furnished,16,No,142.14
Ahmedabad,Gota,Villa,2,4901,Unfurnished,32,Yes,134.75
Surat,Pal,Independent House,4,3790,Furnished,21,No,175.46
Ahmedabad,Navrangpura,Villa,4,4947,Furnished,20,Yes,128.23
Surat,Adajan,Apartment,2,3619,Furnished,3,Yes,123.46
Surat,Adajan,Villa,4,3506,Unfurnished,2,Yes,186.54
Ahmedabad,Gota,Apartment,5,1805,Unfurnished,16,No,155.83
Ahmedabad,Satellite,Villa,4,834,Unfurnished,32,No,53.48
Ahmedabad,Gota,Independent House,1,4135,Furnished,7,No,191.55
Ahmedabad,Gota,Independent House,3,2360,Unfurnished,7,Yes,66.1
Surat,Althan,Apartment,1,4039,Furnished,13,Yes,54.53
Ahmedabad,Navrangpura,Independent House,5,4583,Semi-furnished,21,Yes,139.66
Surat,Adajan,Villa,3,2548,Unfurnished,28,No,40.33
Ahmedabad,SG Highway,Villa,1,3256,Furnished,35,No,59.89
Ahmedabad,Satellite,Apartment,5,4083,Furnished,14,No,44.47
Ahmedabad,Navrangpura,Independent House,2,4613,Unfurnished,28,Yes,91.38
Ahmedabad,SG Highway,Apartment,5,4315,Semi-furnished,3,No,44.19
Surat,Piplod,Independent House,2,1642,Semi-furnished,11,Yes,15.62
Surat,Pal,Villa,2,4720,Semi-furnished,17,Yes,80.76
Surat,Piplod,Independent House,4,837,Unfurnished,21,No,47.19
Surat,Pal,Apartment,1,4786,Unfurnished,26,No,10.75
Surat,Althan,Apartment,1,667,Furnished,17,No,110.22
Surat,Piplod,Independent House,4,2078,Furnished,22,No,198.93
Surat,Pal,Apartment,5,2715,Unfurnished,15,No,176.66
Ahmedabad,Satellite,Villa,1,3502,Unfurnished,7,No,93.22
Surat,Pal,Independent House,5,3988,Unfurnished,5,Yes,192.31
Ahmedabad,Gota,Villa,4,2629,Semi-furnished,17,Yes,112.87
Ahmedabad,Gota,Apartment,5,845,Furnished,4,Yes,121.95
Surat,Vesu,Villa,4,1821,Furnished,27,No,161.83
Surat,Pal,Independent House,2,2327,Semi-furnished,16,No,156.81
Surat,Adajan,Villa,5,4944,Furnished,19,No,130.96
Ahmedabad,SG Highway,Independent House,1,3332,Unfurnished,8,Yes,118.69
Ahmedabad,Navrangpura,Apartment,4,3394,Furnished,28,Yes,44.51
Ahmedabad,SG Highway,Independent House,4,4890,Furnished,3,No,197.01
Ahmedabad,Navrangpura,Apartment,4,2265,Furnished,30,Yes,181.09
Surat,Pal,Apartment,2,4602,Unfurnished,26,Yes,68.56
Ahmedabad,Satellite,Independent House,3,3258,Furnished,34,Yes,150.2
Ahmedabad,Gota,Independent House,3,3621,Unfurnished,15,Yes,175.11
Ahmedabad,Bopal,Villa,2,2578,Semi-furnished,34,No,66.39
Surat,Vesu,Apartment,3,2032,Semi-furnished,12,No,109.6
Surat,Vesu,Villa,1,4996,Furnished,32,No,115.21
Ahmedabad,Navrangpura,Apartment,5,2043,Semi-furnished,10,No,149.55
Surat,Althan,Independent House,5,2643,Furnished,5,No,185.29
Surat,Adajan,Apartment,1,1134,Unfurnished,18,Yes,168.5
Surat,Adajan,Villa,3,3410,Semi-furnished,14,No,91.22
Surat,Pal,Independent House,3,896,Furnished,3,No,141.41
Surat,Pal,Independent House,3,2671,Furnished,4,Yes,89.95
Ahmedabad,SG Highway,Independent House,1,1053,Semi-furnished,2,No,195.99
Surat,Piplod,Villa,3,4477,Unfurnished,3,No,168.51
Ahmedabad,Navrangpura,Independent House,2,2728,Semi-furnished,4,Yes,191.59
Surat,Adajan,Independent House,5,4305,Furnished,19,No,18.08
Surat,Piplod,Independent House,3,3669,Semi-furnished,5,Yes,195.09
Surat,Adajan,Apartment,3,1964,Furnished,7,Yes,146.73
Surat,Vesu,Villa,1,1724,Furnished,6,Yes,118.81
Ahmedabad,Bopal,Apartment,5,546,Unfurnished,14,Yes,110.96
Surat,Piplod,Villa,2,892,Unfurnished,31,Yes,12.31
Surat,Pal,Independent House,3,597,Furnished,32,No,57.75
Surat,Pal,Villa,2,1888,Furnished,35,No,59.04
Ahmedabad,Satellite,Independent House,3,660,Furnished,31,No,70.96
Surat,Althan,Independent House,2,4897,Furnished,27,Yes,160.14
Ahmedabad,Bopal,Villa,1,2480,Furnished,12,Yes,89.68
Ahmedabad,Bopal,Independent House,1,3232,Furnished,19,Yes,118.39
Ahmedabad,Gota,Villa,1,4807,Furnished,2,No,128.18
Ahmedabad,Satellite,Villa,4,4834,Unfurnished,11,No,57.0
Ahmedabad,Bopal,Villa,4,4357,Semi-furnished,8,No,149.21
Ahmedabad,SG Highway,Independent House,5,731,Furnished,20,Yes,91.43
Ahmedabad,Satellite,Independent House,5,876,Semi-furnished,22,No,60.38
Surat,Adajan,Apartment,4,1913,Semi-furnished,35,No,91.88
Surat,Althan,Apartment,1,1460,Furnished,25,Yes,18.77
Surat,Althan,Independent House,4,3539,Furnished,28,Yes,101.43
Ahmedabad,Gota,Apartment,2,4840,Unfurnished,22,No,110.81
Surat,Piplod,Independent House,2,4916,Unfurnished,16,No,91.76
Surat,Pal,Independent House,2,4881,Semi-furnished,7,Yes,91.96
Ahmedabad,SG Highway,Villa,2,4965,Furnished,20,Yes,76.26
Ahmedabad,SG Highway,Villa,5,1072,Unfurnished,3,No,22.95
Surat,Pal,Apartment,2,4742,Unfurnished,22,No,77.45
Ahmedabad,Bopal,Villa,1,1226,Unfurnished,30,Yes,172.6
Ahmedabad,Satellite,Apartment,3,2871,Furnished,18,Yes,107.06
Ahmedabad,SG Highway,Independent House,1,4043,Unfurnished,18,Yes,82.46
Surat,Piplod,Independent House,4,4900,Semi-furnished,6,No,169.26
Surat,Vesu,Apartment,4,4523,Semi-furnished,13,Yes,148.95
Ahmedabad,Navrangpura,Villa,3,2862,Unfurnished,10,No,107.26
Surat,Adajan,Villa,5,3320,Furnished,24,No,123.2
Surat,Piplod,Villa,3,3905,Unfurnished,4,No,44.55
Surat,Piplod,Independent House,1,4794,Unfurnished,17,Yes,112.53
Ahmedabad,Bopal,Villa,4,677,Furnished,34,Yes,83.27
Surat,Piplod,Independent House,3,956,Semi-furnished,20,Yes,121.92
Ahmedabad,SG Highway,Villa,1,3331,Furnished,21,No,161.91
Ahmedabad,Bopal,Independent House,3,1479,Semi-furnished,30,No,20.22
Surat,Pal,Villa,1,665,Furnished,25,No,95.9
Surat,Adajan,Villa,1,683,Semi-furnished,33,Yes,185.34
Ahmedabad,SG Highway,Independent House,1,4850,Unfurnished,15,Yes,19.11
Ahmedabad,Bopal,Apartment,5,4689,Semi-furnished,13,No,47.38
Surat,Althan,Villa,1,4727,Semi-furnished,28,No,51.59
Ahmedabad,Bopal,Apartment,5,1823,Furnished,11,No,170.02
Surat,Adajan,Villa,2,748,Furnished,31,Yes,149.67
Ahmedabad,SG Highway,Apartment,2,4121,Semi-furnished,22,Yes,186.34
Surat,Althan,Villa,1,2318,Furnished,22,Yes,150.98
Surat,Vesu,Villa,2,3082,Unfurnished,19,No,124.45
Ahmedabad,Navrangpura,Villa,5,3074,Furnished,30,Yes,103.98
Ahmedabad,Navrangpura,Apartment,4,4350,Unfurnished,30,Yes,92.81
Surat,Althan,Villa,1,3383,Semi-furnished,35,Yes,152.25
Ahmedabad,Navrangpura,Independent House,1,4496,Unfurnished,17,Yes,67.78
Surat,Adajan,Independent House,3,2260,Semi-furnished,27,No,186.41
Ahmedabad,Bopal,Independent House,5,2065,Furnished,3,No,68.62
Ahmedabad,SG Highway,Villa,3,3246,Semi-furnished,24,No,130.64
Ahmedabad,Satellite,Villa,5,3293,Furnished,21,Yes,146.43
Surat,Vesu,Villa,1,2888,Furnished,24,Yes,56.93
Surat,Althan,Villa,2,2602,Semi-furnished,2,No,39.88
Surat,Vesu,Apartment,1,4921,Unfurnished,25,Yes,102.33
Ahmedabad,Gota,Villa,4,631,Semi-furnished,7,Yes,22.32
Surat,Althan,Apartment,5,1953,Semi-furnished,4,Yes,74.83
Surat,Pal,Independent House,1,3176,Furnished,4,Yes,29.86
Surat,Piplod,Villa,4,1921,Furnished,26,No,102.79
Surat,Althan,Apartment,5,2965,Unfurnished,6,No,187.89
Surat,Piplod,Independent House,3,4727,Unfurnished,26,No,12.25
Ahmedabad,Bopal,Apartment,5,3396,Unfurnished,25,Yes,168.7
Surat,Vesu,Independent House,2,533,Furnished,6,No,168.78
Ahmedabad,Gota,Villa,5,1670,Unfurnished,19,No,147.51
Ahmedabad,Gota,Villa,2,2162,Unfurnished,19,Yes,167.3
Ahmedabad,Bopal,Apartment,3,603,Semi-furnished,34,No,194.38
Ahmedabad,Navrangpura,Apartment,3,4719,Furnished,26,Yes,131.92
Surat,Adajan,Independent House,5,817,Unfurnished,18,No,158.18
Surat,Althan,Apartment,4,3392,Furnished,22,No,27.12
Surat,Piplod,Apartment,4,1069,Furnished,16,Yes,89.56
Ahmedabad,Gota,Apartment,4,2458,Unfurnished,9,No,130.06
Surat,Adajan,Apartment,2,3200,Furnished,17,No,160.78
Surat,Althan,Independent House,1,3533,Semi-furnished,13,No,39.59
Ahmedabad,SG Highway,Independent House,5,2511,Semi-furnished,22,No,108.91
Ahmedabad,Gota,Villa,2,1707,Unfurnished,20,Yes,42.58
Surat,Althan,Independent House,3,754,Furnished,7,Yes,41.9
Ahmedabad,Gota,Independent House,2,1087,Unfurnished,35,Yes,28.31
Surat,Althan,Villa,4,1163,Furnished,17,No,15.39
Surat,Adajan,Independent House,3,2136,Furnished,11,Yes,144.91
Surat,Adajan,Apartment,5,2908,Furnished,30,No,14.96
Ahmedabad,Bopal,Independent House,2,1666,Furnished,32,Yes,67.1
Surat,Pal,Independent House,3,647,Unfurnished,10,No,195.02
Surat,Piplod,Villa,5,4651,Unfurnished,15,No,122.32
Ahmedabad,Gota,Apartment,3,1873,Semi-furnished,2,Yes,145.92
Ahmedabad,SG Highway,Villa,4,4140,Furnished,2,No,16.6
Surat,Vesu,Apartment,2,931,Unfurnished,8,Yes,21.63
Ahmedabad,Navrangpura,Independent House,2,3477,Unfurnished,15,No,193.93
Ahmedabad,SG Highway,Villa,5,4240,Unfurnished,26,Yes,158.12
Surat,Pal,Independent House,2,4609,Unfurnished,20,No,100.09
Surat,Vesu,Apartment,1,1387,Unfurnished,8,Yes,83.33
Ahmedabad,SG Highway,Independent House,1,2289,Furnished,33,Yes,198.43
Surat,Vesu,Independent House,5,1176,Semi-furnished,29,No,29.0
Ahmedabad,Gota,Apartment,4,4906,Semi-furnished,10,No,39.18
Ahmedabad,Navrangpura,Apartment,3,2915,Furnished,30,No,194.08
Ahmedabad,Satellite,Villa,2,2047,Furnished,29,Yes,155.05
Surat,Vesu,Apartment,1,1235,Furnished,11,No,194.82
Ahmedabad,Bopal,Independent House,1,1262,Semi-furnished,25,No,142.81
Surat,Althan,Independent House,4,702,Semi-furnished,28,No,35.26
Surat,Adajan,Independent House,1,4454,Unfurnished,20,No,172.67
Ahmedabad,Bopal,Villa,5,4063,Semi-furnished,7,Yes,44.78
Surat,Vesu,Independent House,5,663,Unfurnished,6,No,117.29
Surat,Vesu,Villa,3,2611,Unfurnished,24,No,154.99
Surat,Pal,Villa,5,3549,Unfurnished,2,No,135.52
Surat,Vesu,Apartment,5,1337,Unfurnished,23,No,188.34
Surat,Pal,Apartment,5,848,Furnished,29,Yes,79.46
Surat,Althan,Villa,5,4221,Unfurnished,22,Yes,39.05
Ahmedabad,Navrangpura,Apartment,5,2792,Semi-furnished,13,No,98.3
Ahmedabad,Navrangpura,Independent House,4,2912,Unfurnished,11,No,73.8
Surat,Vesu,Independent House,3,4426,Semi-furnished,32,No,144.4
Surat,Piplod,Independent House,4,3647,Semi-furnished,15,No,178.39
Ahmedabad,Gota,Villa,3,1612,Semi-furnished,30,No,70.67
Ahmedabad,Navrangpura,Villa,1,4142,Semi-furnished,30,No,55.23
Surat,Piplod,Independent House,4,1906,Semi-furnished,3,Yes,118.29
Surat,Adajan,Independent House,4,2930,Unfurnished,3,Yes,74.96
Surat,Piplod,Villa,3,1129,Unfurnished,23,No,45.77
Ahmedabad,Navrangpura,Apartment,1,4318,Semi-furnished,14,No,33.71
Ahmedabad,Navrangpura,Apartment,5,1167,Unfurnished,29,No,98.29
Ahmedabad,Navrangpura,Independent House,2,3288,Furnished,2,Yes,103.49
Surat,Vesu,Independent House,3,2085,Semi-furnished,14,No,188.5
Surat,Vesu,Apartment,4,3041,Unfurnished,9,Yes,35.26
Ahmedabad,Navrangpura,Independent House,2,3011,Unfurnished,4,Yes,45.63
Ahmedabad,Satellite,Villa,5,3436,Unfurnished,31,No,63.25
Surat,Adajan,Villa,1,2277,Semi-furnished,20,Yes,160.21
Ahmedabad,Gota,Villa,3,3722,Furnished,13,No,126.03
Ahmedabad,Bopal,Villa,2,630,Semi-furnished,35,Yes,180.01
Ahmedabad,Bopal,Independent House,5,625,Unfurnished,9,Yes,107.85
Ahmedabad,Satellite,Independent House,1,1023,Unfurnished,11,No,141.05
Surat,Althan,Independent House,2,4291,Furnished,25,Yes,133.35
Ahmedabad,SG Highway,Apartment,5,2498,Unfurnished,20,No,154.43
Ahmedabad,Bopal,Villa,2,2182,Unfurnished,21,Yes,70.83
Ahmedabad,Bopal,Apartment,4,3272,Furnished,13,Yes,44.15
Ahmedabad,Gota,Apartment,4,2396,Furnished,16,Yes,12.14
Surat,Pal,Independent House,3,1271,Semi-furnished,24,No,125.86
Surat,Vesu,Independent House,2,1449,Furnished,7,No,154.89
Ahmedabad,SG Highway,Independent House,4,2174,Semi-furnished,33,Yes,84.51
Surat,Vesu,Independent House,4,3681,Furnished,24,No,180.83
Surat,Adajan,Apartment,4,2182,Semi-furnished,18,No,96.24
Surat,Pal,Apartment,5,1985,Furnished,29,No,118.19
Surat,Pal,Apartment,4,1803,Unfurnished,6,No,90.85
Ahmedabad,Satellite,Independent House,4,3420,Semi-furnished,29,Yes,176.38
Ahmedabad,Gota,Villa,5,3329,Furnished,10,Yes,94.4
Surat,Vesu,Independent House,2,2971,Furnished,10,No,21.53
Ahmedabad,SG Highway,Apartment,2,1634,Unfurnished,23,No,46.68
Surat,Althan,Independent House,1,3073,Unfurnished,25,No,188.94
Ahmedabad,Navrangpura,Independent House,5,1155,Furnished,25,Yes,109.75
Surat,Adajan,Villa,5,735,Semi-furnished,34,Yes,10.22
Surat,Althan,Independent House,3,2162,Furnished,14,No,167.38
Ahmedabad,Gota,Independent House,4,1534,Unfurnished,25,Yes,104.29
Surat,Althan,Independent House,4,1139,Semi-furnished,7,No,14.24
Surat,Piplod,Apartment,5,1696,Furnished,18,No,131.05
Ahmedabad,Bopal,Independent House,3,1716,Unfurnished,18,No,189.3
Surat,Pal,Villa,1,3785,Unfurnished,15,No,37.69
Surat,Adajan,Apartment,3,1121,Unfurnished,32,Yes,14.04
Ahmedabad,Satellite,Villa,3,4622,Semi-furnished,6,No,97.14
Ahmedabad,Navrangpura,Apartment,3,3052,Semi-furnished,33,No,170.72
Surat,Adajan,Independent House,5,4782,Unfurnished,16,Yes,97.95
Ahmedabad,Gota,Villa,2,2723,Unfurnished,7,Yes,182.64
Surat,Althan,Apartment,4,4118,Furnished,14,No,136.09
Surat,Piplod,Independent House,1,1815,Semi-furnished,27,No,152.39
Surat,Althan,Independent House,2,2642,Unfurnished,2,Yes,174.54
Ahmedabad,Satellite,Apartment,1,539,Unfurnished,25,Yes,46.03
Ahmedabad,Satellite,Villa,1,2854,Unfurnished,24,No,141.82
Surat,Adajan,Apartment,3,2343,Furnished,6,Yes,172.13
Ahmedabad,Gota,Apartment,3,2583,Furnished,18,No,52.78
Surat,Adajan,Villa,4,4223,Unfurnished,15,Yes,60.75
Ahmedabad,Bopal,Villa,2,4350,Furnished,23,No,32.2
Surat,Althan,Independent House,4,3188,Furnished,23,No,98.2
Surat,Vesu,Independent House,4,2584,Unfurnished,24,No,159.51
Surat,Adajan,Independent House,1,1750,Semi-furnished,32,No,84.17
Surat,Adajan,Apartment,2,2079,Unfurnished,35,Yes,167.57
Ahmedabad,Gota,Independent House,1,2430,Furnished,10,No,113.26
Surat,Piplod,Apartment,2,3695,Semi-furnished,5,No,57.57
Ahmedabad,Gota,Independent House,4,3590,Furnished,18,No,95.03
Ahmedabad,Bopal,Villa,5,4636,Unfurnished,31,Yes,177.83
Surat,Piplod,Villa,1,1587,Semi-furnished,26,No,30.67
Ahmedabad,Gota,Apartment,5,2749,Unfurnished,12,Yes,50.2
Ahmedabad,Satellite,Villa,2,2357,Furnished,12,No,32.56
Surat,Althan,Independent House,2,1841,Unfurnished,23,Yes,104.45
Surat,Althan,Villa,2,2359,Unfurnished,13,Yes,199.47
Surat,Adajan,Independent House,1,3467,Furnished,7,Yes,162.49
Ahmedabad,SG Highway,Villa,4,4005,Unfurnished,22,No,119.97
Surat,Adajan,Apartment,1,4813,Unfurnished,29,No,125.65
Ahmedabad,Bopal,Independent House,2,3063,Semi-furnished,24,Yes,106.12
Surat,Althan,Apartment,2,2330,Furnished,5,No,44.62
Ahmedabad,Bopal,Villa,4,3664,Semi-furnished,3,No,192.25
Ahmedabad,Navrangpura,Apartment,3,4701,Unfurnished,19,No,197.7
Ahmedabad,Satellite,Villa,5,630,Semi-furnished,28,No,184.02
Ahmedabad,Navrangpura,Villa,1,1412,Unfurnished,17,No,77.72
Surat,Althan,Independent House,1,3989,Semi-furnished,25,No,157.29
Surat,Vesu,Independent House,3,3307,Semi-furnished,18,Yes,102.92
Ahmedabad,Bopal,Villa,4,940,Furnished,14,Yes,111.32
Ahmedabad,Gota,Independent House,2,3265,Furnished,32,Yes,132.33
Surat,Piplod,Independent House,3,3126,Furnished,29,No,115.54
Ahmedabad,Navrangpura,Villa,2,4545,Furnished,24,No,48.22
Ahmedabad,Gota,Apartment,2,4575,Unfurnished,12,Yes,58.15
Surat,Althan,Apartment,4,2304,Unfurnished,8,Yes,104.59
Surat,Pal,Independent House,5,3543,Unfurnished,16,Yes,115.91
Ahmedabad,SG Highway,Villa,1,3648,Semi-furnished,18,Yes,108.88
Surat,Adajan,Apartment,2,516,Furnished,20,No,166.04
Surat,Pal,Independent House,4,681,Unfurnished,21,No,171.65
Surat,Pal,Villa,4,4808,Unfurnished,35,Yes,183.34
Surat,Piplod,Apartment,3,1737,Unfurnished,9,No,150.53
Surat,Althan,Apartment,5,3130,Semi-furnished,33,No,119.89
Ahmedabad,Satellite,Apartment,4,748,Furnished,2,No,98.92
Surat,Pal,Independent House,3,2924,Unfurnished,27,Yes,185.01
Ahmedabad,Bopal,Independent House,1,886,Unfurnished,10,Yes,163.52
Surat,Pal,Apartment,1,3771,Semi-furnished,29,No,115.4
Ahmedabad,Navrangpura,Independent House,2,4612,Furnished,14,Yes,60.01
Ahmedabad,Navrangpura,Villa,4,3985,Semi-furnished,33,Yes,35.42
Surat,Vesu,Villa,5,912,Unfurnished,32,Yes,46.86
Ahmedabad,Gota,Apartment,5,3306,Semi-furnished,13,No,177.43
Surat,Vesu,Villa,1,3432,Furnished,12,No,137.49
Surat,Adajan,Independent House,5,4108,Semi-furnished,33,Yes,107.85
Ahmedabad,Gota,Apartment,2,3995,Unfurnished,25,No,23.17
Surat,Althan,Apartment,5,3465,Unfurnished,3,No,122.58
Surat,Piplod,Villa,1,4824,Unfurnished,3,No,156.11
Ahmedabad,Satellite,Independent House,5,1242,Semi-furnished,11,Yes,35.0
Ahmedabad,Gota,Independent House,4,2236,Unfurnished,32,No,156.56
Surat,Adajan,Apartment,3,786,Furnished,4,No,175.08
Surat,Pal,Apartment,3,962,Furnished,18,No,170.46
Ahmedabad,Satellite,Independent House,2,3655,Furnished,34,No,198.14
Ahmedabad,Bopal,Independent House,3,4880,Furnished,6,Yes,125.15
Ahmedabad,Satellite,Independent House,3,2346,Semi-furnished,27,Yes,26.79
Ahmedabad,Satellite,Apartment,1,816,Semi-furnished,27,No,143.86
Surat,Piplod,Villa,5,4174,Furnished,10,No,80.63
Surat,Pal,Independent House,2,2233,Furnished,26,Yes,129.05
Ahmedabad,Bopal,Villa,2,4828,Unfurnished,30,Yes,60.89
Ahmedabad,Bopal,Villa,3,3814,Semi-furnished,8,No,133.05
Ahmedabad,Navrangpura,Independent House,3,2530,Unfurnished,20,No,94.9
Ahmedabad,Satellite,Villa,3,1810,Semi-furnished,3,No,60.05
Surat,Althan,Villa,3,2321,Furnished,16,Yes,109.34
Surat,Pal,Apartment,1,4861,Unfurnished,34,No,67.35
Ahmedabad,SG Highway,Apartment,4,2342,Unfurnished,14,No,121.84
Surat,Vesu,Villa,4,918,Furnished,7,Yes,144.21
Ahmedabad,Bopal,Independent House,4,3244,Furnished,24,Yes,107.71
Ahmedabad,Bopal,Villa,3,4429,Unfurnished,5,No,100.81
Surat,Vesu,Villa,3,2387,Furnished,24,No,56.86
Surat,Pal,Independent House,2,1974,Unfurnished,21,Yes,179.51
Surat,Vesu,Independent House,3,3631,Unfurnished,11,No,169.35
Surat,Adajan,Independent House,2,770,Unfurnished,2,No,119.06
Ahmedabad,Bopal,Independent House,4,810,Unfurnished,16,No,71.22
Surat,Adajan,Apartment,4,1472,Semi-furnished,2,Yes,57.0
Surat,Piplod,Independent House,4,1066,Unfurnished,25,No,134.07
Ahmedabad,Bopal,Independent House,1,2046,Semi-furnished,4,No,48.19
Ahmedabad,Bopal,Independent House,1,4640,Unfurnished,34,No,161.8
Ahmedabad,SG Highway,Apartment,5,1036,Furnished,31,Yes,156.65
Surat,Piplod,Villa,3,1574,Furnished,14,Yes,79.55
Surat,Althan,Villa,1,1508,Furnished,11,Yes,160.13
Ahmedabad,SG Highway,Villa,2,2750,Semi-furnished,16,No,113.97
Surat,Adajan,Apartment,5,1815,Furnished,17,Yes,146.32
Ahmedabad,Gota,Independent House,5,2121,Unfurnished,5,Yes,156.96
Ahmedabad,SG Highway,Independent House,1,3998,Unfurnished,31,Yes,177.89
Surat,Vesu,Apartment,4,1242,Furnished,17,Yes,52.7
Ahmedabad,Satellite,Independent House,2,4814,Semi-furnished,14,Yes,60.88
Ahmedabad,Bopal,Independent House,3,592,Semi-furnished,17,No,140.44
Surat,Althan,Apartment,4,2850,Semi-furnished,30,Yes,26.53
Surat,Piplod,Apartment,4,2545,Semi-furnished,29,Yes,42.34
Ahmedabad,SG Highway,Villa,2,2272,Semi-furnished,34,No,110.2
Surat,Vesu,Independent House,3,2879,Unfurnished,30,Yes,128.94
Surat,Althan,Independent House,2,2309,Furnished,23,No,106.21
Ahmedabad,Gota,Villa,4,3714,Furnished,2,Yes,41.25
Ahmedabad,Satellite,Independent House,2,4628,Semi-furnished,21,No,102.61
Surat,Vesu,Apartment,3,1379,Unfurnished,28,Yes,110.03
Ahmedabad,Bopal,Independent House,4,2249,Furnished,3,No,61.33
Surat,Vesu,Apartment,1,751,Furnished,20,No,73.0
Ahmedabad,Gota,Villa,4,4995,Furnished,17,Yes,33.49
Ahmedabad,Gota,Apartment,3,4659,Semi-furnished,13,Yes,27.47
Surat,Piplod,Apartment,3,1900,Furnished,10,No,141.41
Ahmedabad,Navrangpura,Villa,4,522,Furnished,27,No,174.5
Ahmedabad,Navrangpura,Villa,4,1348,Furnished,3,No,76.35
Ahmedabad,Gota,Independent House,2,2814,Unfurnished,31,No,156.61
Ahmedabad,SG Highway,Villa,4,3519,Semi-furnished,25,Yes,11.43
Surat,Adajan,Apartment,1,4704,Unfurnished,12,Yes,185.46
Surat,Vesu,Apartment,5,2009,Semi-furnished,13,No,92.13
Surat,Adajan,Independent House,2,2918,Semi-furnished,11,No,197.05
Surat,Vesu,Independent House,3,2828,Unfurnished,16,Yes,18.9
Ahmedabad,Gota,Independent House,1,1642,Unfurnished,13,Yes,13.7
Ahmedabad,Satellite,Apartment,5,3152,Furnished,4,Yes,71.14
Surat,Vesu,Apartment,3,3484,Unfurnished,20,Yes,109.63
Ahmedabad,Satellite,Apartment,2,3853,Unfurnished,12,No,26.15
Surat,Adajan,Independent House,2,4703,Furnished,31,Yes,33.97
Ahmedabad,Satellite,Villa,1,3350,Unfurnished,2,No,151.92
Surat,Adajan,Villa,5,3169,Semi-furnished,26,Yes,134.73
Ahmedabad,Gota,Apartment,3,3831,Semi-furnished,9,Yes,115.22
Ahmedabad,Navrangpura,Villa,4,3417,Semi-furnished,14,Yes,10.04
Surat,Piplod,Villa,2,4138,Furnished,6,Yes,71.83
Ahmedabad,SG Highway,Apartment,4,1930,Unfurnished,2,No,139.38
Ahmedabad,Gota,Independent House,4,4720,Furnished,20,Yes,95.31
Ahmedabad,Satellite,Villa,3,1858,Semi-furnished,19,No,28.23
Surat,Pal,Independent House,3,1455,Furnished,7,No,91.44
Surat,Vesu,Villa,2,4868,Furnished,29,No,27.46
Ahmedabad,SG Highway,Villa,4,2903,Semi-furnished,11,Yes,192.1
Ahmedabad,Gota,Independent House,5,2642,Unfurnished,15,Yes,95.19
Surat,Pal,Villa,5,3050,Furnished,17,No,30.43
Surat,Piplod,Independent House,1,2418,Furnished,30,Yes,169.44
Surat,Althan,Apartment,5,4719,Unfurnished,32,No,112.26
Surat,Althan,Villa,3,3148,Semi-furnished,32,Yes,108.6
Ahmedabad,SG Highway,Villa,4,2375,Unfurnished,23,Yes,85.79
Ahmedabad,Gota,Independent House,2,766,Semi-furnished,34,Yes,40.38
Ahmedabad,SG Highway,Villa,4,4787,Unfurnished,32,No,41.59
Surat,Vesu,Apartment,4,4982,Unfurnished,14,Yes,137.15
Surat,Pal,Independent House,2,1879,Semi-furnished,2,No,10.69
Surat,Vesu,Independent House,1,1755,Furnished,29,No,136.78
Surat,Vesu,Independent House,5,3177,Unfurnished,25,Yes,171.11
Surat,Althan,Apartment,1,4267,Unfurnished,18,Yes,191.39
Ahmedabad,Navrangpura,Independent House,2,4174,Furnished,12,Yes,118.24
Ahmedabad,Satellite,Villa,1,2181,Unfurnished,24,No,170.5
Ahmedabad,SG Highway,Independent House,4,1975,Unfurnished,13,No,77.93
Surat,Vesu,Independent House,1,840,Unfurnished,25,Yes,95.3
Ahmedabad,SG Highway,Villa,3,4773,Semi-furnished,15,Yes,50.34
Ahmedabad,Navrangpura,Independent House,2,2163,Furnished,22,No,26.5
Surat,Piplod,Villa,5,1039,Unfurnished,30,Yes,174.89
Surat,Vesu,Independent House,2,4103,Unfurnished,6,No,107.21
Ahmedabad,Navrangpura,Apartment,1,581,Unfurnished,6,No,90.44
Surat,Adajan,Apartment,2,2842,Unfurnished,12,Yes,91.84
Surat,Piplod,Villa,3,783,Furnished,5,No,120.88
Surat,Adajan,Independent House,5,4660,Semi-furnished,7,No,27.3
Ahmedabad,Navrangpura,Independent House,1,4584,Unfurnished,16,Yes,161.37
Surat,Althan,Independent House,1,1087,Furnished,13,Yes,152.62
Surat,Vesu,Apartment,5,2064,Furnished,13,No,116.68
Surat,Althan,Villa,1,3071,Unfurnished,24,Yes,153.13
Surat,Pal,Independent House,2,671,Unfurnished,11,No,175.0
Surat,Vesu,Independent House,4,3851,Furnished,17,Yes,171.6
Ahmedabad,SG Highway,Apartment,2,767,Semi-furnished,19,No,72.6
Ahmedabad,Gota,Villa,4,3264,Furnished,32,No,116.53
Ahmedabad,Gota,Independent House,1,1328,Semi-furnished,33,No,13.46
Surat,Piplod,Apartment,5,3565,Furnished,28,Yes,146.05
Surat,Piplod,Apartment,3,4913,Furnished,31,No,125.97
Surat,Adajan,Independent House,3,4545,Unfurnished,6,Yes,63.02
Ahmedabad,Gota,Independent House,3,3401,Furnished,19,No,186.39
Surat,Piplod,Villa,2,812,Semi-furnished,5,Yes,152.7
Surat,Piplod,Apartment,1,3184,Semi-furnished,31,Yes,152.86
Ahmedabad,Bopal,Apartment,4,3806,Semi-furnished,24,Yes,86.37
Surat,Althan,Independent House,3,1521,Unfurnished,17,Yes,110.03
Surat,Adajan,Villa,1,2563,Semi-furnished,27,No,23.15
Surat,Althan,Independent House,2,3316,Unfurnished,16,Yes,158.34
Surat,Pal,Independent House,4,3392,Unfurnished,6,Yes,131.74
Surat,Althan,Villa,4,3150,Semi-furnished,31,No,102.07
Surat,Pal,Apartment,5,1415,Furnished,26,No,195.97
Surat,Vesu,Apartment,5,3585,Semi-furnished,29,No,157.31
Surat,Althan,Villa,2,2264,Unfurnished,16,Yes,38.65
Surat,Althan,Apartment,4,1955,Unfurnished,29,No,136.37
Surat,Piplod,Apartment,2,1749,Semi-furnished,22,Yes,100.49
Ahmedabad,SG Highway,Villa,4,2595,Unfurnished,27,Yes,38.26
Surat,Vesu,Independent House,3,4240,Furnished,34,No,92.53
Ahmedabad,SG Highway,Apartment,3,2940,Unfurnished,11,No,162.11
Surat,Pal,Apartment,1,3771,Semi-furnished,12,Yes,127.97
Surat,Vesu,Villa,4,798,Semi-furnished,26,No,158.43
Surat,Pal,Apartment,5,3085,Semi-furnished,14,No,35.46
Surat,Pal,Independent House,3,1540,Furnished,21,Yes,28.25
Surat,Althan,Apartment,2,599,Furnished,22,No,156.27
Ahmedabad,SG Highway,Independent House,2,3712,Semi-furnished,32,Yes,180.78
Ahmedabad,Satellite,Independent House,3,692,Semi-furnished,9,No,157.72
Surat,Althan,Apartment,1,1103,Furnished,26,Yes,179.81
Surat,Piplod,Apartment,1,3249,Unfurnished,33,Yes,171.35
Surat,Althan,Villa,2,3333,Unfurnished,27,No,132.35
Ahmedabad,Bopal,Independent House,5,3323,Semi-furnished,8,No,97.16
Ahmedabad,Satellite,Apartment,5,1921,Unfurnished,7,Yes,173.92
Surat,Piplod,Independent House,1,2580,Unfurnished,14,No,183.21
Ahmedabad,SG Highway,Apartment,4,3775,Semi-furnished,11,Yes,194.91
Ahmedabad,Gota,Villa,1,1444,Furnished,32,No,111.25
Surat,Althan,Villa,5,1718,Unfurnished,7,Yes,118.15
Ahmedabad,Satellite,Independent House,2,923,Furnished,34,Yes,186.17
Surat,Piplod,Villa,3,3892,Semi-furnished,30,No,54.01
Surat,Pal,Independent House,1,1977,Furnished,30,Yes,69.49
Ahmedabad,Bopal,Apartment,4,4803,Unfurnished,12,Yes,147.1
Ahmedabad,Navrangpura,Villa,1,4581,Semi-furnished,12,Yes,109.05
Ahmedabad,Navrangpura,Villa,4,4320,Unfurnished,12,Yes,162.67
Ahmedabad,SG Highway,Independent House,4,4456,Unfurnished,25,Yes,159.3
Ahmedabad,Satellite,Apartment,3,2910,Unfurnished,35,Yes,115.65
Surat,Piplod,Villa,5,2289,Unfurnished,13,No,117.97
Ahmedabad,Satellite,Apartment,1,3128,Unfurnished,8,Yes,171.62
Ahmedabad,Satellite,Apartment,5,2085,Furnished,16,Yes,196.36
Surat,Vesu,Independent House,3,2508,Unfurnished,27,Yes,15.83
Ahmedabad,Bopal,Apartment,4,3956,Unfurnished,32,No,103.23
Ahmedabad,SG Highway,Villa,1,3993,Semi-furnished,3,No,150.99
Surat,Pal,Villa,3,2525,Furnished,13,Yes,173.51
Ahmedabad,Bopal,Villa,1,1071,Furnished,13,Yes,133.1
Surat,Vesu,Independent House,2,2840,Furnished,8,Yes,104.91
Surat,Adajan,Apartment,4,1360,Semi-furnished,12,Yes,50.98
Surat,Adajan,Apartment,5,2355,Semi-furnished,29,Yes,194.81
Ahmedabad,Bopal,Villa,3,3978,Semi-furnished,19,No,183.0
Ahmedabad,Gota,Apartment,3,1955,Furnished,18,No,108.96
Ahmedabad,Gota,Apartment,1,2244,Unfurnished,5,Yes,16.48
Ahmedabad,Gota,Villa,2,2231,Semi-furnished,22,Yes,148.46
Ahmedabad,Navrangpura,Villa,3,980,Unfurnished,24,No,114.23
Ahmedabad,SG Highway,Villa,3,4473,Semi-furnished,5,No,53.54
Surat,Pal,Apartment,5,2386,Furnished,23,Yes,195.62
Ahmedabad,Gota,Apartment,5,772,Semi-furnished,11,Yes,189.01
Ahmedabad,Satellite,Independent House,3,4828,Unfurnished,18,Yes,12.0
Surat,Vesu,Villa,3,2381,Furnished,19,No,29.3
Surat,Piplod,Villa,3,3832,Furnished,9,No,142.41
Surat,Pal,Villa,1,1522,Semi-furnished,33,Yes,169.42
Surat,Althan,Independent House,3,4103,Unfurnished,4,No,114.19
Ahmedabad,Navrangpura,Independent House,1,3473,Unfurnished,35,Yes,37.76
Surat,Althan,Apartment,5,3875,Semi-furnished,20,No,130.03
Ahmedabad,SG Highway,Apartment,5,4008,Semi-furnished,18,No,182.6
Surat,Althan,Villa,2,3919,Semi-furnished,11,Yes,67.97
Surat,Althan,Villa,1,2540,Furnished,13,Yes,177.47
Ahmedabad,Gota,Apartment,5,999,Furnished,31,No,141.59
Surat,Althan,Independent House,1,1507,Furnished,20,No,50.49
Surat,Adajan,Independent House,1,4129,Furnished,29,Yes,99.0
Ahmedabad,Bopal,Apartment,4,4875,Semi-furnished,5,No,95.15
Ahmedabad,Satellite,Independent House,4,4060,Unfurnished,16,Yes,196.31
Surat,Adajan,Independent House,3,3399,Semi-furnished,23,Yes,197.38
Ahmedabad,Gota,Apartment,4,541,Furnished,6,Yes,180.31
Ahmedabad,SG Highway,Villa,4,1502,Furnished,20,Yes,38.52
Ahmedabad,SG Highway,Villa,2,1708,Furnished,11,No,27.26
Ahmedabad,Bopal,Apartment,5,2979,Semi-furnished,23,Yes,50.44
Surat,Adajan,Villa,4,1663,Furnished,2,No,106.93
Ahmedabad,Navrangpura,Independent House,4,1106,Furnished,25,No,118.67
Surat,Althan,Villa,3,2863,Furnished,17,No,105.48
Surat,Pal,Apartment,5,2650,Semi-furnished,15,No,40.72
Surat,Vesu,Villa,1,1357,Unfurnished,21,No,128.64
Ahmedabad,Bopal,Apartment,2,3174,Unfurnished,15,No,156.06
Surat,Pal,Independent House,4,1862,Semi-furnished,16,Yes,100.46
Surat,Piplod,Independent House,4,3116,Furnished,23,Yes,46.85
Surat,Piplod,Apartment,5,1922,Furnished,25,No,100.97
Ahmedabad,Gota,Villa,2,4383,Semi-furnished,29,No,86.86
Surat,Pal,Villa,4,3058,Unfurnished,35,No,23.76
Surat,Pal,Independent House,3,1786,Unfurnished,34,No,145.78
Surat,Adajan,Apartment,4,3987,Unfurnished,25,Yes,32.92
Ahmedabad,Navrangpura,Villa,4,3445,Furnished,34,No,175.28
Surat,Althan,Independent House,3,3817,Semi-furnished,18,Yes,87.48
Surat,Pal,Independent House,3,1085,Semi-furnished,31,No,120.31
Surat,Pal,Independent House,5,1039,Furnished,7,Yes,161.2
Surat,Vesu,Villa,5,1684,Unfurnished,24,No,64.51
Ahmedabad,Gota,Independent House,1,4133,Furnished,33,No,94.09
Surat,Adajan,Villa,5,2051,Unfurnished,17,Yes,177.41
Ahmedabad,SG Highway,Apartment,1,3155,Unfurnished,23,Yes,68.79
Surat,Adajan,Apartment,1,1694,Semi-furnished,29,Yes,103.36
Ahmedabad,SG Highway,Villa,5,3526,Unfurnished,16,Yes,147.7
Ahmedabad,Satellite,Apartment,3,1252,Unfurnished,29,No,172.79
Ahmedabad,Satellite,Apartment,4,543,Unfurnished,31,Yes,28.83
Ahmedabad,Navrangpura,Villa,5,569,Unfurnished,20,Yes,116.15
Ahmedabad,Navrangpura,Independent House,5,4783,Furnished,34,No,51.96
Surat,Adajan,Apartment,4,3208,Unfurnished,27,Yes,82.2
Surat,Pal,Villa,3,2033,Furnished,23,Yes,167.51
Surat,Piplod,Apartment,5,2426,Furnished,28,Yes,185.85
Ahmedabad,Satellite,Apartment,4,1300,Furnished,15,No,64.21
Ahmedabad,Gota,Apartment,4,2544,Unfurnished,15,Yes,11.96
Ahmedabad,Bopal,Apartment,1,1955,Furnished,35,Yes,107.79
Surat,Adajan,Independent House,1,3798,Unfurnished,19,No,106.32
Surat,Adajan,Independent House,3,2486,Semi-furnished,23,No,136.97
Ahmedabad,Satellite,Apartment,3,4226,Furnished,19,No,113.56
Surat,Adajan,Apartment,3,863,Furnished,14,No,34.36
Ahmedabad,Gota,Independent House,5,3647,Semi-furnished,14,No,132.96
Ahmedabad,Bopal,Villa,5,3846,Unfurnished,25,Yes,161.68
Surat,Vesu,Villa,3,2734,Furnished,34,No,67.28
Ahmedabad,SG Highway,Villa,2,619,Semi-furnished,31,No,10.25
Surat,Pal,Independent House,2,4327,Unfurnished,10,Yes,180.66
Surat,Piplod,Apartment,2,1811,Semi-furnished,27,No,11.96
Surat,Adajan,Villa,3,1245,Furnished,22,Yes,138.6
Ahmedabad,Bopal,Independent House,1,1455,Unfurnished,12,Yes,117.92
Surat,Pal,Villa,4,1082,Semi-furnished,12,No,110.68
Surat,Pal,Villa,2,3491,Unfurnished,21,No,146.89
Surat,Vesu,Independent House,5,767,Unfurnished,6,Yes,71.11
Surat,Piplod,Villa,5,2159,Furnished,2,No,199.38
Ahmedabad,Navrangpura,Apartment,4,1743,Semi-furnished,15,No,108.43
Ahmedabad,SG Highway,Independent House,5,2203,Semi-furnished,15,Yes,33.56
Ahmedabad,SG Highway,Independent House,2,4793,Unfurnished,12,No,77.02
Ahmedabad,Bopal,Apartment,2,923,Semi-furnished,4,No,51.0
Ahmedabad,Gota,Villa,5,2231,Unfurnished,5,No,68.0
Ahmedabad,SG Highway,Apartment,1,2005,Unfurnished,19,Yes,41.0
Ahmedabad,Navrangpura,Independent House,4,2654,Semi-furnished,10,No,159.0
Surat,Vesu,Independent House,5,1549,Unfurnished,2,No,194.0
Surat,Adajan,Independent House,4,931,Semi-furnished,20,Yes,124.0
Surat,Pal,Independent House,2,2527,Furnished,6,No,49.0
Surat,Althan,Apartment,5,2063,Furnished,17,No,188.0
Surat,Piplod,Independent House,3,1117,Furnished,9,No,182.0
Vadodara,Alkapuri,Villa,4,750,Unfurnished,5,No,106.0
Vadodara,Gotri,Independent House,3,2515,Unfurnished,5,Yes,197.0
Vadodara,Akota,Villa,2,2830,Unfurnished,7,Yes,113.0
Vadodara,Manjalpur,Apartment,3,1487,Semi-furnished,3,Yes,79.0
Vadodara,Karelibaug,Apartment,3,2712,Furnished,2,No,144.0
Rajkot,Kalawad Road,Villa,5,896,Furnished,19,No,126.0
Rajkot,University Road,Independent House,4,2149,Furnished,3,No,197.0
Rajkot,Raiya Road,Independent House,5,2165,Unfurnished,13,No,66.0
Rajkot,Amin Marg,Independent House,5,2357,Unfurnished,0,No,166.0
Gandhinagar,Sector 21,Apartment,5,2695,Furnished,15,Yes,185.0
Gandhinagar,Sector 22,Villa,3,1473,Unfurnished,19,Yes,104.0
Gandhinagar,Kudasan,Independent House,1,2447,Unfurnished,20,No,189.0
Gandhinagar,Raysan,Villa,2,1136,Unfurnished,1,Yes,192.0
